date,day_of_week,appointments,booked_doctors,scheduled_doctors,available_doctors,on_leave_doctors,total_doctors,workload_score,doctor_utilization_rate
2020-01-01,Wednesday,28,7,11,9,2,22,40.0,0.636
2020-01-02,Thursday,17,5,10,9,2,22,26.1,0.5
2020-01-03,Friday,24,6,12,10,2,22,34.1,0.5
2020-01-04,Saturday,18,5,9,8,0,22,29.9,0.556
2020-01-05,Sunday,13,4,8,7,2,22,20.7,0.5
2020-01-06,Monday,27,7,10,8,1,22,39.7,0.7
2020-01-07,Tuesday,20,5,9,8,2,22,30.0,0.556
2020-01-08,Wednesday,35,9,12,9,2,22,55.1,0.75
2020-01-09,Thursday,21,6,10,9,1,22,30.6,0.6
2020-01-10,Friday,29,8,11,9,0,22,42.8,0.727
2020-01-11,Saturday,23,6,11,9,2,22,33.0,0.545
2020-01-12,Sunday,9,3,7,7,1,22,11.7,0.429
2020-01-13,Monday,24,6,11,9,2,22,33.9,0.545
2020-01-14,Tuesday,33,9,11,8,2,22,47.5,0.818
2020-01-15,Wednesday,20,5,10,9,0,22,28.9,0.5
2020-01-16,Thursday,16,4,10,9,2,22,23.6,0.4
2020-01-17,Friday,23,6,11,9,0,22,34.9,0.545
2020-01-18,Saturday,9,3,8,8,0,22,14.6,0.375
2020-01-19,Sunday,7,2,6,6,0,22,13.6,0.333
2020-01-20,Monday,24,6,10,8,2,22,32.3,0.6
2020-01-21,Tuesday,21,6,10,9,0,22,30.8,0.6
2020-01-22,Wednesday,35,9,11,8,2,22,52.5,0.818
2020-01-23,Thursday,35,9,12,9,0,22,49.9,0.75
2020-01-24,Friday,24,6,10,8,1,22,34.0,0.6
2020-01-25,Saturday,18,5,8,7,0,22,28.5,0.625
2020-01-26,Sunday,14,4,10,9,1,22,22.9,0.4
2020-01-27,Monday,24,6,10,8,1,22,34.7,0.6
2020-01-28,Tuesday,28,7,11,9,2,22,40.4,0.636
2020-01-29,Wednesday,20,5,9,8,2,22,29.8,0.556
2020-01-30,Thursday,18,5,11,10,2,22,24.3,0.455
2020-01-31,Friday,24,6,10,8,1,22,35.3,0.6
2020-02-01,Saturday,9,3,8,8,0,22,10.2,0.375
2020-02-02,Sunday,12,3,8,7,0,22,15.6,0.375
2020-02-03,Monday,28,7,11,9,2,22,39.1,0.636
2020-02-04,Tuesday,30,8,12,10,1,22,44.4,0.667
2020-02-05,Wednesday,24,6,11,9,2,22,34.7,0.545
2020-02-06,Thursday,33,9,12,9,1,22,48.0,0.75
2020-02-07,Friday,25,7,11,9,1,22,36.6,0.636
2020-02-08,Saturday,8,2,7,7,2,22,13.0,0.286
2020-02-09,Sunday,15,4,8,7,2,22,22.2,0.5
2020-02-10,Monday,28,7,11,9,0,22,42.1,0.636
2020-02-11,Tuesday,23,6,10,8,1,22,34.3,0.6
2020-02-12,Wednesday,28,7,10,8,0,22,38.5,0.7
2020-02-13,Thursday,15,4,8,7,2,22,22.9,0.5
2020-02-14,Friday,25,7,9,7,0,22,33.5,0.778
2020-02-15,Saturday,17,5,9,8,2,22,24.8,0.556
2020-02-16,Sunday,13,4,9,8,2,22,17.0,0.444
2020-02-17,Monday,27,7,10,8,0,22,39.3,0.7
2020-02-18,Tuesday,37,10,12,9,1,22,52.3,0.833
2020-02-19,Wednesday,22,6,10,8,0,22,31.3,0.6
2020-02-20,Thursday,23,6,11,9,1,22,33.6,0.545
2020-02-21,Friday,19,5,10,9,1,22,28.3,0.5
2020-02-22,Saturday,14,4,10,9,1,22,20.0,0.4
2020-02-23,Sunday,10,3,9,9,2,22,15.2,0.333
2020-02-24,Monday,27,7,10,8,1,22,42.0,0.7
2020-02-25,Tuesday,31,8,11,9,1,22,43.3,0.727
2020-02-26,Wednesday,28,7,10,8,0,22,39.8,0.7
2020-02-27,Thursday,11,3,8,7,2,22,17.3,0.375
2020-02-28,Friday,22,6,10,8,0,22,31.9,0.6
2020-02-29,Saturday,17,5,10,9,1,22,27.2,0.5
2020-03-01,Sunday,12,3,8,7,0,22,17.2,0.375
2020-03-02,Monday,20,5,10,9,0,22,27.9,0.5
2020-03-03,Tuesday,23,6,11,9,1,22,32.1,0.545
2020-03-04,Wednesday,17,5,10,9,2,22,26.3,0.5
2020-03-05,Thursday,22,6,10,8,0,22,32.8,0.6
2020-03-06,Friday,12,3,9,8,1,22,15.2,0.333
2020-03-07,Saturday,17,5,10,9,2,22,24.0,0.5
2020-03-08,Sunday,14,4,10,9,1,22,20.7,0.4
2020-03-09,Monday,23,6,9,7,0,22,33.2,0.667
2020-03-10,Tuesday,21,6,9,8,0,22,31.6,0.667
2020-03-11,Wednesday,17,5,12,11,2,22,21.5,0.417
2020-03-12,Thursday,27,7,11,9,0,22,38.5,0.636
2020-03-13,Friday,14,4,7,6,0,22,17.6,0.571
2020-03-14,Saturday,11,3,8,7,0,22,16.8,0.375
2020-03-15,Sunday,6,2,6,6,2,22,10.4,0.333
2020-03-16,Monday,38,10,12,9,1,22,54.6,0.833
2020-03-17,Tuesday,14,4,10,9,2,22,18.8,0.4
2020-03-18,Wednesday,17,5,9,8,1,22,24.7,0.556
2020-03-19,Thursday,14,4,9,8,0,22,22.1,0.444
2020-03-20,Friday,13,4,10,9,0,22,18.4,0.4
2020-03-21,Saturday,5,2,6,6,0,22,6.1,0.333
2020-03-22,Sunday,4,1,7,7,0,22,6.6,0.143
2020-03-23,Monday,16,4,9,8,1,22,24.2,0.444
2020-03-24,Tuesday,16,4,9,8,0,22,22.5,0.444
2020-03-25,Wednesday,15,4,9,8,0,22,23.4,0.444
2020-03-26,Thursday,18,5,9,8,1,22,25.8,0.556
2020-03-27,Friday,10,3,9,9,1,22,11.3,0.333
2020-03-28,Saturday,3,1,7,7,2,22,3.5,0.143
2020-03-29,Sunday,3,1,8,8,1,22,3.3,0.125
2020-03-30,Monday,16,4,9,8,1,22,21.2,0.444
2020-03-31,Tuesday,15,4,9,8,1,22,22.7,0.444
2020-04-01,Wednesday,18,5,8,7,0,22,24.2,0.625
2020-04-02,Thursday,18,5,10,9,1,22,26.1,0.5
2020-04-03,Friday,14,4,9,8,1,22,16.0,0.444
2020-04-04,Saturday,5,2,8,8,0,22,6.7,0.25
2020-04-05,Sunday,3,1,8,8,2,22,3.9,0.125
2020-04-06,Monday,15,4,9,8,1,22,22.6,0.444
2020-04-07,Tuesday,21,6,11,10,2,22,31.7,0.545
2020-04-08,Wednesday,13,4,10,9,0,22,17.7,0.4
2020-04-09,Thursday,24,6,11,9,2,22,36.3,0.545
2020-04-10,Friday,12,3,8,7,1,22,15.3,0.375
2020-04-11,Saturday,15,4,7,6,2,22,21.7,0.571
2020-04-12,Sunday,3,1,8,8,1,22,5.7,0.125
2020-04-13,Monday,23,6,10,8,1,22,32.9,0.6
2020-04-14,Tuesday,20,5,9,8,0,22,27.6,0.556
2020-04-15,Wednesday,14,4,10,9,2,22,19.2,0.4
2020-04-16,Thursday,13,4,8,7,0,22,20.4,0.5
2020-04-17,Friday,15,4,9,8,0,22,21.9,0.444
2020-04-18,Saturday,14,4,9,8,1,22,20.4,0.444
2020-04-19,Sunday,5,2,7,7,2,22,7.8,0.286
2020-04-20,Monday,13,4,9,8,2,22,19.4,0.444
2020-04-21,Tuesday,17,5,10,9,2,22,23.3,0.5
2020-04-22,Wednesday,19,5,10,9,1,22,26.8,0.5
2020-04-23,Thursday,15,4,10,9,2,22,21.9,0.4
2020-04-24,Friday,11,3,9,8,1,22,17.2,0.333
2020-04-25,Saturday,8,2,8,8,1,22,12.4,0.25
2020-04-26,Sunday,8,2,6,6,0,22,11.2,0.333
2020-04-27,Monday,18,5,9,8,2,22,26.6,0.556
2020-04-28,Tuesday,17,5,10,9,0,22,26.7,0.5
2020-04-29,Wednesday,15,4,8,7,0,22,20.3,0.5
2020-04-30,Thursday,12,3,8,7,1,22,20.5,0.375
2020-05-01,Friday,10,3,9,9,1,22,16.3,0.333
2020-05-02,Saturday,10,3,10,10,0,22,12.4,0.3
2020-05-03,Sunday,9,3,8,8,1,22,12.1,0.375
2020-05-04,Monday,30,8,11,9,0,22,42.8,0.727
2020-05-05,Tuesday,16,4,9,8,1,22,24.1,0.444
2020-05-06,Wednesday,17,5,10,9,2,22,22.9,0.5
2020-05-07,Thursday,24,6,10,8,2,22,37.9,0.6
2020-05-08,Friday,10,3,9,9,0,22,15.1,0.333
2020-05-09,Saturday,10,3,8,8,1,22,12.9,0.375
2020-05-10,Sunday,11,3,9,8,1,22,15.1,0.333
2020-05-11,Monday,19,5,10,9,0,22,28.7,0.5
2020-05-12,Tuesday,15,4,9,8,0,22,23.5,0.444
2020-05-13,Wednesday,17,5,10,9,0,22,22.2,0.5
2020-05-14,Thursday,12,3,9,8,2,22,21.1,0.333
2020-05-15,Friday,18,5,10,9,1,22,23.1,0.5
2020-05-16,Saturday,7,2,8,8,0,22,7.9,0.25
2020-05-17,Sunday,4,1,8,8,2,22,7.1,0.125
2020-05-18,Monday,16,4,9,8,0,22,23.1,0.444
2020-05-19,Tuesday,25,7,10,8,2,22,36.5,0.7
2020-05-20,Wednesday,13,4,10,9,1,22,19.0,0.4
2020-05-21,Thursday,12,3,9,8,0,22,15.3,0.333
2020-05-22,Friday,14,4,8,7,1,22,19.4,0.5
2020-05-23,Saturday,9,3,8,8,2,22,13.7,0.375
2020-05-24,Sunday,5,2,6,6,1,22,6.3,0.333
2020-05-25,Monday,18,5,9,8,2,22,24.8,0.556
2020-05-26,Tuesday,20,5,11,10,2,22,30.8,0.455
2020-05-27,Wednesday,10,3,8,8,0,22,14.4,0.375
2020-05-28,Thursday,19,5,10,9,2,22,27.7,0.5
2020-05-29,Friday,12,3,6,5,1,22,15.7,0.5
2020-05-30,Saturday,6,2,8,8,2,22,12.2,0.25
2020-05-31,Sunday,15,4,9,8,1,22,23.0,0.444
2020-06-01,Monday,20,5,10,9,1,22,27.3,0.5
2020-06-02,Tuesday,18,5,10,9,1,22,26.0,0.5
2020-06-03,Wednesday,14,4,9,8,2,22,19.5,0.444
2020-06-04,Thursday,22,6,10,8,0,22,32.0,0.6
2020-06-05,Friday,16,4,8,7,2,22,25.2,0.5
2020-06-06,Saturday,9,3,8,8,0,22,13.7,0.375
2020-06-07,Sunday,5,2,7,7,2,22,10.1,0.286
2020-06-08,Monday,20,5,8,7,0,22,27.9,0.625
2020-06-09,Tuesday,22,6,9,7,0,22,32.8,0.667
2020-06-10,Wednesday,15,4,10,9,0,22,19.0,0.4
2020-06-11,Thursday,14,4,9,8,1,22,21.2,0.444
2020-06-12,Friday,12,3,9,8,0,22,13.9,0.333
2020-06-13,Saturday,15,4,9,8,1,22,19.1,0.444
2020-06-14,Sunday,9,3,7,7,2,22,15.1,0.429
2020-06-15,Monday,18,5,10,9,0,22,28.0,0.5
2020-06-16,Tuesday,14,4,7,6,1,22,19.6,0.571
2020-06-17,Wednesday,19,5,9,8,2,22,27.3,0.556
2020-06-18,Thursday,20,5,10,9,1,22,29.2,0.5
2020-06-19,Friday,12,3,9,8,2,22,16.8,0.333
2020-06-20,Saturday,4,1,7,7,1,22,4.9,0.143
2020-06-21,Sunday,7,2,7,7,0,22,10.3,0.286
2020-06-22,Monday,19,5,9,8,1,22,27.0,0.556
2020-06-23,Tuesday,18,5,9,8,1,22,25.8,0.556
2020-06-24,Wednesday,19,5,9,8,0,22,30.1,0.556
2020-06-25,Thursday,19,5,10,9,2,22,27.8,0.5
2020-06-26,Friday,15,4,8,7,0,22,20.8,0.5
2020-06-27,Saturday,12,3,9,8,0,22,16.1,0.333
2020-06-28,Sunday,8,2,8,8,0,22,11.5,0.25
2020-06-29,Monday,23,6,11,9,2,22,35.2,0.545
2020-06-30,Tuesday,15,4,9,8,1,22,21.1,0.444
2020-07-01,Wednesday,14,4,10,9,2,22,20.3,0.4
2020-07-02,Thursday,12,3,9,8,1,22,18.3,0.333
2020-07-03,Friday,14,4,9,8,0,22,18.7,0.444
2020-07-04,Saturday,5,2,7,7,1,22,5.6,0.286
2020-07-05,Sunday,6,2,6,6,0,22,7.1,0.333
2020-07-06,Monday,18,5,10,9,1,22,26.9,0.5
2020-07-07,Tuesday,13,4,9,8,0,22,19.9,0.444
2020-07-08,Wednesday,14,4,9,8,2,22,20.4,0.444
2020-07-09,Thursday,22,6,10,8,1,22,30.5,0.6
2020-07-10,Friday,12,3,10,9,0,22,17.8,0.3
2020-07-11,Saturday,9,3,8,8,2,22,12.8,0.375
2020-07-12,Sunday,7,2,8,8,1,22,11.1,0.25
2020-07-13,Monday,14,4,9,8,0,22,22.0,0.444
2020-07-14,Tuesday,21,6,11,10,1,22,29.9,0.545
2020-07-15,Wednesday,15,4,9,8,0,22,22.1,0.444
2020-07-16,Thursday,16,4,9,8,2,22,24.2,0.444
2020-07-17,Friday,18,5,8,7,1,22,25.8,0.625
2020-07-18,Saturday,10,3,10,10,2,22,13.8,0.3
2020-07-19,Sunday,6,2,8,8,2,22,11.5,0.25
2020-07-20,Monday,23,6,11,9,2,22,32.8,0.545
2020-07-21,Tuesday,24,6,12,10,1,22,33.4,0.5
2020-07-22,Wednesday,16,4,10,9,0,22,24.5,0.4
2020-07-23,Thursday,11,3,8,7,1,22,14.7,0.375
2020-07-24,Friday,15,4,9,8,1,22,22.6,0.444
2020-07-25,Saturday,3,1,7,7,0,22,4.5,0.143
2020-07-26,Sunday,4,1,7,7,2,22,7.3,0.143
2020-07-27,Monday,24,6,10,8,2,22,35.7,0.6
2020-07-28,Tuesday,9,3,8,8,1,22,12.0,0.375
2020-07-29,Wednesday,9,3,7,7,2,22,13.0,0.429
2020-07-30,Thursday,12,3,10,9,2,22,18.2,0.3
2020-07-31,Friday,15,4,9,8,0,22,24.3,0.444
2020-08-01,Saturday,5,2,8,8,1,22,5.1,0.25
2020-08-02,Sunday,4,1,8,8,2,22,7.8,0.125
2020-08-03,Monday,14,4,9,8,1,22,21.6,0.444
2020-08-04,Tuesday,12,3,9,8,2,22,19.3,0.333
2020-08-05,Wednesday,17,5,10,9,1,22,24.3,0.5
2020-08-06,Thursday,13,4,9,8,0,22,16.4,0.444
2020-08-07,Friday,10,3,9,9,1,22,15.7,0.333
2020-08-08,Saturday,7,2,9,9,1,22,12.9,0.222
2020-08-09,Sunday,3,1,8,8,2,22,5.5,0.125
2020-08-10,Monday,11,3,8,7,0,22,13.1,0.375
2020-08-11,Tuesday,15,4,10,9,0,22,21.6,0.4
2020-08-12,Wednesday,18,5,9,8,0,22,25.8,0.556
2020-08-13,Thursday,19,5,10,9,1,22,28.1,0.5
2020-08-14,Friday,13,4,9,8,2,22,18.6,0.444
2020-08-15,Saturday,5,2,7,7,1,22,7.2,0.286
2020-08-16,Sunday,4,1,7,7,2,22,5.9,0.143
2020-08-17,Monday,17,5,9,8,2,22,23.8,0.556
2020-08-18,Tuesday,20,5,9,8,1,22,26.5,0.556
2020-08-19,Wednesday,11,3,7,6,1,22,15.3,0.429
2020-08-20,Thursday,22,6,10,8,0,22,32.9,0.6
2020-08-21,Friday,15,4,9,8,2,22,21.0,0.444
2020-08-22,Saturday,7,2,9,9,2,22,11.1,0.222
2020-08-23,Sunday,7,2,8,8,2,22,10.0,0.25
2020-08-24,Monday,15,4,7,6,2,22,22.8,0.571
2020-08-25,Tuesday,14,4,10,9,1,22,19.5,0.4
2020-08-26,Wednesday,17,5,9,8,0,22,27.3,0.556
2020-08-27,Thursday,13,4,9,8,2,22,18.2,0.444
2020-08-28,Friday,17,5,9,8,1,22,25.3,0.556
2020-08-29,Saturday,9,3,8,8,2,22,12.8,0.375
2020-08-30,Sunday,6,2,8,8,2,22,8.4,0.25
2020-08-31,Monday,20,5,10,9,0,22,27.6,0.5
2020-09-01,Tuesday,16,4,10,9,1,22,20.8,0.4
2020-09-02,Wednesday,18,5,10,9,1,22,28.4,0.5
2020-09-03,Thursday,22,6,11,9,1,22,31.7,0.545
2020-09-04,Friday,18,5,10,9,0,22,22.7,0.5
2020-09-05,Saturday,12,3,9,8,0,22,16.3,0.333
2020-09-06,Sunday,4,1,6,6,1,22,4.2,0.167
2020-09-07,Monday,16,4,10,9,0,22,25.1,0.4
2020-09-08,Tuesday,27,7,10,8,0,22,39.8,0.7
2020-09-09,Wednesday,16,4,10,9,0,22,22.3,0.4
2020-09-10,Thursday,20,5,9,8,2,22,30.6,0.556
2020-09-11,Friday,15,4,8,7,0,22,22.0,0.5
2020-09-12,Saturday,13,4,10,9,1,22,20.1,0.4
2020-09-13,Sunday,15,4,8,7,0,22,22.2,0.5
2020-09-14,Monday,26,7,12,10,1,22,39.0,0.583
2020-09-15,Tuesday,30,8,11,9,0,22,44.4,0.727
2020-09-16,Wednesday,17,5,9,8,0,22,23.1,0.556
2020-09-17,Thursday,23,6,10,8,1,22,33.9,0.6
2020-09-18,Friday,22,6,9,7,2,22,32.1,0.667
2020-09-19,Saturday,13,4,9,8,0,22,20.6,0.444
2020-09-20,Sunday,8,2,7,7,1,22,10.0,0.286
2020-09-21,Monday,30,8,11,9,2,22,43.9,0.727
2020-09-22,Tuesday,22,6,11,9,1,22,32.9,0.545
2020-09-23,Wednesday,23,6,10,8,2,22,33.9,0.6
2020-09-24,Thursday,18,5,8,7,0,22,27.1,0.625
2020-09-25,Friday,18,5,10,9,2,22,25.7,0.5
2020-09-26,Saturday,12,3,9,8,0,22,14.3,0.333
2020-09-27,Sunday,9,3,8,8,1,22,15.1,0.375
2020-09-28,Monday,23,6,11,9,1,22,30.7,0.545
2020-09-29,Tuesday,21,6,10,9,0,22,28.2,0.6
2020-09-30,Wednesday,16,4,8,7,2,22,22.1,0.5
2020-10-01,Thursday,18,5,11,10,2,22,26.7,0.455
2020-10-02,Friday,19,5,10,9,0,22,29.1,0.5
2020-10-03,Saturday,17,5,9,8,0,22,25.7,0.556
2020-10-04,Sunday,9,3,8,8,2,22,11.1,0.375
2020-10-05,Monday,23,6,11,9,1,22,32.8,0.545
2020-10-06,Tuesday,28,7,11,9,0,22,39.4,0.636
2020-10-07,Wednesday,22,6,9,7,2,22,33.2,0.667
2020-10-08,Thursday,19,5,9,8,2,22,28.9,0.556
2020-10-09,Friday,22,6,11,9,1,22,29.2,0.545
2020-10-10,Saturday,14,4,10,9,0,22,20.4,0.4
2020-10-11,Sunday,12,3,9,8,0,22,17.3,0.333
2020-10-12,Monday,31,8,12,10,1,22,43.1,0.667
2020-10-13,Tuesday,15,4,10,9,0,22,23.0,0.4
2020-10-14,Wednesday,12,3,9,8,1,22,17.5,0.333
2020-10-15,Thursday,20,5,10,9,0,22,29.5,0.5
2020-10-16,Friday,15,4,9,8,0,22,22.7,0.444
2020-10-17,Saturday,8,2,7,7,0,22,13.6,0.286
2020-10-18,Sunday,7,2,8,8,1,22,10.3,0.25
2020-10-19,Monday,16,4,10,9,1,22,23.4,0.4
2020-10-20,Tuesday,17,5,8,7,1,22,24.4,0.625
2020-10-21,Wednesday,19,5,10,9,2,22,25.6,0.5
2020-10-22,Thursday,22,6,10,8,1,22,30.2,0.6
2020-10-23,Friday,17,5,10,9,0,22,23.5,0.5
2020-10-24,Saturday,13,4,7,6,2,22,17.5,0.571
2020-10-25,Sunday,12,3,8,7,2,22,15.6,0.375
2020-10-26,Monday,18,5,9,8,1,22,28.2,0.556
2020-10-27,Tuesday,20,5,11,10,0,22,28.9,0.455
2020-10-28,Wednesday,16,4,9,8,2,22,22.6,0.444
2020-10-29,Thursday,20,5,11,10,2,22,28.5,0.455
2020-10-30,Friday,19,5,10,9,1,22,28.5,0.5
2020-10-31,Saturday,24,6,10,8,0,22,34.8,0.6
2020-11-01,Sunday,12,3,9,8,0,22,19.7,0.333
2020-11-02,Monday,14,4,9,8,0,22,18.4,0.444
2020-11-03,Tuesday,20,5,11,10,0,22,31.3,0.455
2020-11-04,Wednesday,20,5,9,8,0,22,27.3,0.556
2020-11-05,Thursday,19,5,9,8,1,22,26.9,0.556
2020-11-06,Friday,21,6,10,9,0,22,30.6,0.6
2020-11-07,Saturday,16,4,10,9,0,22,23.0,0.4
2020-11-08,Sunday,7,2,6,6,2,22,11.9,0.333
2020-11-09,Monday,21,6,11,10,2,22,31.1,0.545
2020-11-10,Tuesday,17,5,9,8,0,22,22.9,0.556
2020-11-11,Wednesday,25,7,9,7,2,22,33.6,0.778
2020-11-12,Thursday,29,8,9,7,2,22,44.1,0.889
2020-11-13,Friday,15,4,8,7,1,22,23.4,0.5
2020-11-14,Saturday,14,4,9,8,1,22,18.2,0.444
2020-11-15,Sunday,9,3,8,8,1,22,12.0,0.375
2020-11-16,Monday,18,5,10,9,0,22,26.9,0.5
2020-11-17,Tuesday,21,6,10,9,1,22,29.1,0.6
2020-11-18,Wednesday,17,5,9,8,2,22,23.8,0.556
2020-11-19,Thursday,20,5,10,9,1,22,29.1,0.5
2020-11-20,Friday,24,6,10,8,1,22,33.2,0.6
2020-11-21,Saturday,18,5,10,9,0,22,27.4,0.5
2020-11-22,Sunday,5,2,7,7,2,22,10.4,0.286
2020-11-23,Monday,14,4,10,9,0,22,20.0,0.4
2020-11-24,Tuesday,27,7,10,8,2,22,36.6,0.7
2020-11-25,Wednesday,19,5,9,8,0,22,28.5,0.556
2020-11-26,Thursday,19,5,9,8,0,22,26.8,0.556
2020-11-27,Friday,18,5,10,9,0,22,23.8,0.5
2020-11-28,Saturday,12,3,9,8,1,22,15.0,0.333
2020-11-29,Sunday,16,4,9,8,2,22,24.7,0.444
2020-11-30,Monday,23,6,11,9,1,22,32.7,0.545
2020-12-01,Tuesday,14,4,11,10,0,22,20.2,0.364
2020-12-02,Wednesday,22,6,10,8,0,22,31.6,0.6
2020-12-03,Thursday,19,5,11,10,0,22,28.2,0.455
2020-12-04,Friday,17,5,10,9,1,22,24.0,0.5
2020-12-05,Saturday,4,1,7,7,2,22,4.7,0.143
2020-12-06,Sunday,5,2,8,8,2,22,7.1,0.25
2020-12-07,Monday,18,5,9,8,2,22,24.9,0.556
2020-12-08,Tuesday,9,3,8,8,0,22,15.7,0.375
2020-12-09,Wednesday,19,5,9,8,1,22,28.8,0.556
2020-12-10,Thursday,9,3,8,8,0,22,14.9,0.375
2020-12-11,Friday,10,3,8,8,1,22,14.1,0.375
2020-12-12,Saturday,8,2,8,8,1,22,11.9,0.25
2020-12-13,Sunday,8,2,9,9,2,22,12.7,0.222
2020-12-14,Monday,12,3,9,8,1,22,18.9,0.333
2020-12-15,Tuesday,18,5,8,7,0,22,24.4,0.625
2020-12-16,Wednesday,14,4,8,7,1,22,21.6,0.5
2020-12-17,Thursday,9,3,7,7,1,22,13.1,0.429
2020-12-18,Friday,9,3,8,8,1,22,18.0,0.375
2020-12-19,Saturday,4,1,8,8,0,22,5.0,0.125
2020-12-20,Sunday,6,2,8,8,1,22,10.2,0.25
2020-12-21,Monday,13,4,8,7,2,22,17.1,0.5
2020-12-22,Tuesday,18,5,10,9,3,22,26.3,0.5
2020-12-23,Wednesday,18,5,9,8,3,22,24.9,0.556
2020-12-24,Thursday,16,4,8,7,1,22,26.7,0.5
2020-12-25,Friday,12,3,9,8,3,22,18.6,0.333
2020-12-26,Saturday,6,2,9,9,1,22,7.3,0.222
2020-12-27,Sunday,6,2,9,9,3,22,9.6,0.222
2020-12-28,Monday,13,4,8,7,2,22,19.4,0.5
2020-12-29,Tuesday,21,6,11,10,3,22,31.3,0.545
2020-12-30,Wednesday,15,4,9,8,3,22,20.8,0.444
2020-12-31,Thursday,10,3,9,9,2,22,12.5,0.333
2021-01-01,Friday,13,4,8,7,1,22,17.7,0.5
2021-01-02,Saturday,10,3,8,8,2,22,11.9,0.375
2021-01-03,Sunday,6,2,6,6,1,22,9.1,0.333
2021-01-04,Monday,23,6,10,8,1,22,32.6,0.6
2021-01-05,Tuesday,26,7,11,9,1,22,36.5,0.636
2021-01-06,Wednesday,16,4,9,8,1,22,23.3,0.444
2021-01-07,Thursday,12,3,10,9,0,22,19.9,0.3
2021-01-08,Friday,15,4,8,7,0,22,22.5,0.5
2021-01-09,Saturday,11,3,8,7,2,22,14.9,0.375
2021-01-10,Sunday,10,3,8,8,1,22,14.8,0.375
2021-01-11,Monday,21,6,10,9,1,22,30.3,0.6
2021-01-12,Tuesday,35,9,12,9,0,22,50.3,0.75
2021-01-13,Wednesday,14,4,10,9,2,22,21.2,0.4
2021-01-14,Thursday,15,4,9,8,1,22,22.0,0.444
2021-01-15,Friday,19,5,9,8,0,22,27.5,0.556
2021-01-16,Saturday,8,2,7,7,0,22,13.8,0.286
2021-01-17,Sunday,11,3,10,9,1,22,17.7,0.3
2021-01-18,Monday,15,4,10,9,1,22,20.7,0.4
2021-01-19,Tuesday,19,5,10,9,0,22,26.2,0.5
2021-01-20,Wednesday,19,5,9,8,0,22,28.2,0.556
2021-01-21,Thursday,22,6,9,7,0,22,32.2,0.667
2021-01-22,Friday,16,4,9,8,0,22,23.2,0.444
2021-01-23,Saturday,11,3,9,8,2,22,14.3,0.333
2021-01-24,Sunday,9,3,7,7,1,22,12.3,0.429
2021-01-25,Monday,19,5,9,8,1,22,28.6,0.556
2021-01-26,Tuesday,18,5,11,10,0,22,26.4,0.455
2021-01-27,Wednesday,15,4,9,8,1,22,17.6,0.444
2021-01-28,Thursday,17,5,11,10,2,22,22.4,0.455
2021-01-29,Friday,18,5,10,9,2,22,26.3,0.5
2021-01-30,Saturday,13,4,8,7,1,22,18.0,0.5
2021-01-31,Sunday,10,3,8,8,0,22,17.0,0.375
2021-02-01,Monday,11,3,8,7,1,22,15.2,0.375
2021-02-02,Tuesday,19,5,9,8,0,22,28.4,0.556
2021-02-03,Wednesday,22,6,9,7,0,22,31.5,0.667
2021-02-04,Thursday,10,3,10,10,2,22,15.5,0.3
2021-02-05,Friday,14,4,8,7,2,22,22.0,0.5
2021-02-06,Saturday,9,3,9,9,2,22,13.6,0.333
2021-02-07,Sunday,8,2,8,8,1,22,12.1,0.25
2021-02-08,Monday,20,5,10,9,2,22,28.0,0.5
2021-02-09,Tuesday,13,4,9,8,1,22,18.5,0.444
2021-02-10,Wednesday,11,3,8,7,0,22,16.7,0.375
2021-02-11,Thursday,22,6,11,9,0,22,32.6,0.545
2021-02-12,Friday,24,6,9,7,0,22,35.1,0.667
2021-02-13,Saturday,16,4,10,9,2,22,23.7,0.4
2021-02-14,Sunday,9,3,6,6,0,22,14.7,0.5
2021-02-15,Monday,24,6,10,8,2,22,34.5,0.6
2021-02-16,Tuesday,18,5,10,9,2,22,26.5,0.5
2021-02-17,Wednesday,15,4,10,9,1,22,21.6,0.4
2021-02-18,Thursday,15,4,8,7,2,22,23.0,0.5
2021-02-19,Friday,17,5,8,7,0,22,24.9,0.625
2021-02-20,Saturday,9,3,8,8,1,22,11.8,0.375
2021-02-21,Sunday,11,3,9,8,0,22,16.5,0.333
2021-02-22,Monday,18,5,8,7,0,22,27.3,0.625
2021-02-23,Tuesday,20,5,10,9,0,22,28.3,0.5
2021-02-24,Wednesday,16,4,10,9,2,22,24.2,0.4
2021-02-25,Thursday,9,3,8,8,2,22,13.6,0.375
2021-02-26,Friday,19,5,10,9,2,22,29.0,0.5
2021-02-27,Saturday,8,2,8,8,2,22,10.2,0.25
2021-02-28,Sunday,3,1,7,7,2,22,7.1,0.143
2021-03-01,Monday,25,7,9,7,2,22,35.3,0.778
2021-03-02,Tuesday,14,4,9,8,0,22,19.8,0.444
2021-03-03,Wednesday,10,3,8,8,2,22,13.5,0.375
2021-03-04,Thursday,13,4,8,7,2,22,18.2,0.5
2021-03-05,Friday,18,5,10,9,0,22,24.6,0.5
2021-03-06,Saturday,7,2,9,9,0,22,7.7,0.222
2021-03-07,Sunday,5,2,8,8,2,22,7.1,0.25
2021-03-08,Monday,20,5,10,9,2,22,31.5,0.5
2021-03-09,Tuesday,11,3,7,6,0,22,17.3,0.429
2021-03-10,Wednesday,23,6,10,8,0,22,32.9,0.6
2021-03-11,Thursday,17,5,9,8,1,22,26.2,0.556
2021-03-12,Friday,10,3,9,9,0,22,13.7,0.333
2021-03-13,Saturday,12,3,8,7,2,22,15.7,0.375
2021-03-14,Sunday,4,1,7,7,1,22,8.6,0.143
2021-03-15,Monday,11,3,9,8,0,22,17.7,0.333
2021-03-16,Tuesday,12,3,9,8,2,22,20.7,0.333
2021-03-17,Wednesday,19,5,9,8,2,22,24.2,0.556
2021-03-18,Thursday,15,4,11,10,2,22,22.2,0.364
2021-03-19,Friday,14,4,8,7,2,22,22.7,0.5
2021-03-20,Saturday,7,2,8,8,0,22,11.1,0.25
2021-03-21,Sunday,3,1,8,8,2,22,4.4,0.125
2021-03-22,Monday,19,5,10,9,2,22,27.7,0.5
2021-03-23,Tuesday,15,4,9,8,2,22,22.2,0.444
2021-03-24,Wednesday,13,4,9,8,0,22,19.2,0.444
2021-03-25,Thursday,20,5,10,9,1,22,32.6,0.5
2021-03-26,Friday,15,4,8,7,2,22,23.3,0.5
2021-03-27,Saturday,5,2,9,9,0,22,7.6,0.222
2021-03-28,Sunday,3,1,7,7,1,22,4.3,0.143
2021-03-29,Monday,17,5,10,9,2,22,25.3,0.5
2021-03-30,Tuesday,22,6,10,8,2,22,29.4,0.6
2021-03-31,Wednesday,11,3,8,7,1,22,15.9,0.375
2021-04-01,Thursday,12,3,8,7,2,22,18.3,0.375
2021-04-02,Friday,19,5,8,7,2,22,27.8,0.625
2021-04-03,Saturday,9,3,8,8,2,22,11.3,0.375
2021-04-04,Sunday,6,2,8,8,0,22,7.9,0.25
2021-04-05,Monday,17,5,10,9,0,22,25.4,0.5
2021-04-06,Tuesday,10,3,7,7,0,22,14.2,0.429
2021-04-07,Wednesday,8,2,8,8,1,22,15.5,0.25
2021-04-08,Thursday,16,4,9,8,1,22,24.5,0.444
2021-04-09,Friday,18,5,11,10,0,22,25.8,0.455
2021-04-10,Saturday,4,1,7,7,2,22,4.8,0.143
2021-04-11,Sunday,4,1,8,8,0,22,3.7,0.125
2021-04-12,Monday,18,5,10,9,2,22,26.4,0.5
2021-04-13,Tuesday,20,5,10,9,1,22,30.3,0.5
2021-04-14,Wednesday,11,3,7,6,2,22,17.7,0.429
2021-04-15,Thursday,14,4,8,7,0,22,20.8,0.5
2021-04-16,Friday,16,4,10,9,0,22,20.3,0.4
2021-04-17,Saturday,8,2,7,7,2,22,12.1,0.286
2021-04-18,Sunday,6,2,8,8,1,22,10.6,0.25
2021-04-19,Monday,21,6,10,9,1,22,29.5,0.6
2021-04-20,Tuesday,16,4,10,9,0,22,22.2,0.4
2021-04-21,Wednesday,14,4,9,8,2,22,21.3,0.444
2021-04-22,Thursday,20,5,9,8,0,22,30.1,0.556
2021-04-23,Friday,11,3,8,7,2,22,15.9,0.375
2021-04-24,Saturday,4,1,8,8,1,22,7.8,0.125
2021-04-25,Sunday,4,1,7,7,0,22,5.4,0.143
2021-04-26,Monday,17,5,7,6,1,22,26.6,0.714
2021-04-27,Tuesday,14,4,10,9,1,22,20.1,0.4
2021-04-28,Wednesday,17,5,9,8,1,22,24.1,0.556
2021-04-29,Thursday,17,5,10,9,2,22,23.7,0.5
2021-04-30,Friday,8,2,9,9,1,22,13.7,0.222
2021-05-01,Saturday,9,3,8,8,1,22,14.0,0.375
2021-05-02,Sunday,6,2,9,9,1,22,10.4,0.222
2021-05-03,Monday,23,6,10,8,0,22,35.4,0.6
2021-05-04,Tuesday,19,5,11,10,2,22,25.5,0.455
2021-05-05,Wednesday,13,4,8,7,0,22,17.5,0.5
2021-05-06,Thursday,15,4,9,8,0,22,20.9,0.444
2021-05-07,Friday,10,3,9,9,0,22,13.2,0.333
2021-05-08,Saturday,11,3,8,7,1,22,14.6,0.375
2021-05-09,Sunday,8,2,9,9,1,22,11.8,0.222
2021-05-10,Monday,26,7,10,8,2,22,35.3,0.7
2021-05-11,Tuesday,20,5,12,11,2,22,28.8,0.417
2021-05-12,Wednesday,11,3,10,9,2,22,17.4,0.3
2021-05-13,Thursday,12,3,9,8,0,22,19.3,0.333
2021-05-14,Friday,15,4,10,9,2,22,23.7,0.4
2021-05-15,Saturday,12,3,10,9,0,22,16.5,0.3
2021-05-16,Sunday,9,3,7,7,0,22,10.0,0.429
2021-05-17,Monday,18,5,9,8,1,22,25.7,0.556
2021-05-18,Tuesday,21,6,11,10,1,22,28.0,0.545
2021-05-19,Wednesday,22,6,10,8,0,22,31.3,0.6
2021-05-20,Thursday,16,4,9,8,2,22,24.0,0.444
2021-05-21,Friday,16,4,9,8,0,22,21.8,0.444
2021-05-22,Saturday,10,3,7,7,1,22,16.5,0.429
2021-05-23,Sunday,5,2,8,8,1,22,10.7,0.25
2021-05-24,Monday,17,5,9,8,1,22,29.2,0.556
2021-05-25,Tuesday,21,6,11,10,1,22,28.5,0.545
2021-05-26,Wednesday,9,3,9,9,2,22,16.4,0.333
2021-05-27,Thursday,21,6,10,9,1,22,31.4,0.6
2021-05-28,Friday,14,4,9,8,0,22,19.9,0.444
2021-05-29,Saturday,9,3,7,7,2,22,12.3,0.429
2021-05-30,Sunday,3,1,8,8,2,22,3.5,0.125
2021-05-31,Monday,25,7,11,9,0,22,34.7,0.636
2021-06-01,Tuesday,17,5,10,9,2,22,24.2,0.5
2021-06-02,Wednesday,13,4,11,10,1,22,19.8,0.364
2021-06-03,Thursday,16,4,8,7,0,22,22.7,0.5
2021-06-04,Friday,16,4,9,8,0,22,23.7,0.444
2021-06-05,Saturday,9,3,8,8,2,22,14.4,0.375
2021-06-06,Sunday,7,2,8,8,0,22,10.0,0.25
2021-06-07,Monday,19,5,10,9,1,22,26.9,0.5
2021-06-08,Tuesday,21,6,10,9,2,22,30.7,0.6
2021-06-09,Wednesday,18,5,10,9,2,22,27.5,0.5
2021-06-10,Thursday,14,4,8,7,1,22,19.9,0.5
2021-06-11,Friday,3,1,7,7,2,22,4.9,0.143
2021-06-12,Saturday,9,3,7,7,0,22,13.7,0.429
2021-06-13,Sunday,6,2,8,8,2,22,9.7,0.25
2021-06-14,Monday,16,4,8,7,0,22,23.6,0.5
2021-06-15,Tuesday,20,5,10,9,0,22,29.3,0.5
2021-06-16,Wednesday,21,6,10,9,2,22,30.0,0.6
2021-06-17,Thursday,17,5,9,8,2,22,24.0,0.556
2021-06-18,Friday,16,4,10,9,2,22,25.4,0.4
2021-06-19,Saturday,8,2,8,8,2,22,11.5,0.25
2021-06-20,Sunday,8,2,9,9,0,22,9.6,0.222
2021-06-21,Monday,18,5,9,8,1,22,28.4,0.556
2021-06-22,Tuesday,14,4,9,8,2,22,19.7,0.444
2021-06-23,Wednesday,16,4,9,8,1,22,22.8,0.444
2021-06-24,Thursday,24,6,10,8,0,22,34.3,0.6
2021-06-25,Friday,19,5,10,9,0,22,27.9,0.5
2021-06-26,Saturday,14,4,9,8,2,22,21.8,0.444
2021-06-27,Sunday,7,2,8,8,2,22,9.0,0.25
2021-06-28,Monday,21,6,9,8,0,22,30.2,0.667
2021-06-29,Tuesday,27,7,11,9,0,22,37.9,0.636
2021-06-30,Wednesday,24,6,10,8,1,22,35.9,0.6
2021-07-01,Thursday,17,5,10,9,0,22,23.1,0.5
2021-07-02,Friday,13,4,9,8,2,22,20.6,0.444
2021-07-03,Saturday,5,2,9,9,2,22,7.5,0.222
2021-07-04,Sunday,5,2,7,7,1,22,7.6,0.286
2021-07-05,Monday,18,5,8,7,2,22,25.0,0.625
2021-07-06,Tuesday,17,5,9,8,0,22,23.9,0.556
2021-07-07,Wednesday,20,5,9,8,2,22,29.0,0.556
2021-07-08,Thursday,15,4,8,7,1,22,21.9,0.5
2021-07-09,Friday,20,5,10,9,1,22,30.4,0.5
2021-07-10,Saturday,8,2,8,8,0,22,13.6,0.25
2021-07-11,Sunday,3,1,7,7,0,22,5.8,0.143
2021-07-12,Monday,16,4,9,8,0,22,22.2,0.444
2021-07-13,Tuesday,16,4,9,8,1,22,25.9,0.444
2021-07-14,Wednesday,10,3,10,10,0,22,15.4,0.3
2021-07-15,Thursday,16,4,9,8,0,22,23.0,0.444
2021-07-16,Friday,11,3,8,7,1,22,14.9,0.375
2021-07-17,Saturday,5,2,8,8,2,22,6.3,0.25
2021-07-18,Sunday,3,1,7,7,0,22,5.8,0.143
2021-07-19,Monday,18,5,11,10,1,22,27.1,0.455
2021-07-20,Tuesday,15,4,9,8,2,22,21.1,0.444
2021-07-21,Wednesday,17,5,10,9,1,22,25.7,0.5
2021-07-22,Thursday,19,5,11,10,0,22,26.7,0.455
2021-07-23,Friday,13,4,8,7,0,22,18.8,0.5
2021-07-24,Saturday,11,3,8,7,2,22,18.7,0.375
2021-07-25,Sunday,3,1,8,8,1,22,3.1,0.125
2021-07-26,Monday,26,7,11,9,0,22,38.0,0.636
2021-07-27,Tuesday,9,3,7,7,2,22,13.6,0.429
2021-07-28,Wednesday,21,6,9,8,2,22,29.9,0.667
2021-07-29,Thursday,13,4,7,6,2,22,19.8,0.571
2021-07-30,Friday,4,1,8,8,0,22,2.1,0.125
2021-07-31,Saturday,3,1,7,7,0,22,4.5,0.143
2021-08-01,Sunday,3,1,7,7,0,22,5.4,0.143
2021-08-02,Monday,14,4,8,7,0,22,19.2,0.5
2021-08-03,Tuesday,24,6,10,8,1,22,36.1,0.6
2021-08-04,Wednesday,14,4,9,8,1,22,19.4,0.444
2021-08-05,Thursday,15,4,9,8,2,22,22.4,0.444
2021-08-06,Friday,8,2,8,8,0,22,10.2,0.25
2021-08-07,Saturday,5,2,8,8,2,22,6.0,0.25
2021-08-08,Sunday,4,1,9,9,2,22,4.6,0.111
2021-08-09,Monday,18,5,10,9,0,22,24.4,0.5
2021-08-10,Tuesday,14,4,10,9,1,22,19.0,0.4
2021-08-11,Wednesday,16,4,9,8,1,22,24.6,0.444
2021-08-12,Thursday,13,4,8,7,0,22,20.0,0.5
2021-08-13,Friday,15,4,9,8,0,22,19.8,0.444
2021-08-14,Saturday,4,1,6,6,2,22,7.4,0.167
2021-08-15,Sunday,11,3,9,8,2,22,18.2,0.333
2021-08-16,Monday,16,4,9,8,1,22,23.8,0.444
2021-08-17,Tuesday,11,3,7,6,0,22,15.7,0.429
2021-08-18,Wednesday,16,4,11,10,0,22,21.6,0.364
2021-08-19,Thursday,15,4,9,8,2,22,24.7,0.444
2021-08-20,Friday,12,3,7,6,1,22,16.3,0.429
2021-08-21,Saturday,8,2,9,9,1,22,11.1,0.222
2021-08-22,Sunday,3,1,7,7,0,22,1.3,0.143
2021-08-23,Monday,15,4,10,9,2,22,23.5,0.4
2021-08-24,Tuesday,14,4,8,7,1,22,19.4,0.5
2021-08-25,Wednesday,12,3,8,7,1,22,14.5,0.375
2021-08-26,Thursday,16,4,10,9,2,22,22.3,0.4
2021-08-27,Friday,12,3,9,8,1,22,18.4,0.333
2021-08-28,Saturday,6,2,8,8,2,22,9.1,0.25
2021-08-29,Sunday,4,1,7,7,1,22,5.9,0.143
2021-08-30,Monday,16,4,10,9,1,22,24.2,0.4
2021-08-31,Tuesday,20,5,10,9,2,22,29.4,0.5
2021-09-01,Wednesday,17,5,10,9,1,22,26.3,0.5
2021-09-02,Thursday,26,7,11,9,2,22,39.2,0.636
2021-09-03,Friday,23,6,9,7,0,22,32.2,0.667
2021-09-04,Saturday,12,3,9,8,2,22,19.0,0.333
2021-09-05,Sunday,14,4,9,8,1,22,19.8,0.444
2021-09-06,Monday,30,8,11,9,0,22,44.0,0.727
2021-09-07,Tuesday,29,8,12,10,0,22,41.7,0.667
2021-09-08,Wednesday,32,8,10,8,2,22,49.1,0.8
2021-09-09,Thursday,21,6,11,10,1,22,28.5,0.545
2021-09-10,Friday,26,7,11,9,2,22,38.5,0.636
2021-09-11,Saturday,8,2,8,8,0,22,12.1,0.25
2021-09-12,Sunday,18,5,9,8,0,22,26.4,0.556
2021-09-13,Monday,38,10,11,8,2,22,53.3,0.909
2021-09-14,Tuesday,22,6,10,8,1,22,30.1,0.6
2021-09-15,Wednesday,24,6,11,9,2,22,35.2,0.545
2021-09-16,Thursday,25,7,11,9,2,22,34.6,0.636
2021-09-17,Friday,24,6,10,8,1,22,37.9,0.6
2021-09-18,Saturday,19,5,8,7,2,22,28.2,0.625
2021-09-19,Sunday,15,4,8,7,2,22,23.2,0.5
2021-09-20,Monday,21,6,12,11,0,22,28.9,0.5
2021-09-21,Tuesday,29,8,10,8,0,22,43.3,0.8
2021-09-22,Wednesday,18,5,11,10,0,22,28.9,0.455
2021-09-23,Thursday,31,8,11,9,2,22,45.4,0.727
2021-09-24,Friday,20,5,10,9,0,22,30.3,0.5
2021-09-25,Saturday,14,4,10,9,0,22,20.5,0.4
2021-09-26,Sunday,11,3,8,7,1,22,15.1,0.375
2021-09-27,Monday,21,6,11,10,0,22,30.7,0.545
2021-09-28,Tuesday,19,5,10,9,0,22,29.0,0.5
2021-09-29,Wednesday,26,7,11,9,2,22,37.1,0.636
2021-09-30,Thursday,17,5,9,8,2,22,26.6,0.556
2021-10-01,Friday,26,7,11,9,1,22,37.0,0.636
2021-10-02,Saturday,18,5,11,10,2,22,26.1,0.455
2021-10-03,Sunday,9,3,8,8,1,22,13.5,0.375
2021-10-04,Monday,25,7,12,10,1,22,34.7,0.583
2021-10-05,Tuesday,38,10,12,9,1,22,52.9,0.833
2021-10-06,Wednesday,21,6,11,10,2,22,31.1,0.545
2021-10-07,Thursday,22,6,11,9,0,22,33.3,0.545
2021-10-08,Friday,22,6,9,7,1,22,31.2,0.667
2021-10-09,Saturday,14,4,9,8,0,22,20.7,0.444
2021-10-10,Sunday,12,3,9,8,2,22,14.9,0.333
2021-10-11,Monday,18,5,9,8,1,22,24.0,0.556
2021-10-12,Tuesday,19,5,10,9,0,22,25.8,0.5
2021-10-13,Wednesday,19,5,10,9,1,22,27.2,0.5
2021-10-14,Thursday,20,5,10,9,1,22,28.6,0.5
2021-10-15,Friday,20,5,10,9,0,22,29.7,0.5
2021-10-16,Saturday,16,4,9,8,2,22,21.6,0.444
2021-10-17,Sunday,13,4,9,8,1,22,22.2,0.444
2021-10-18,Monday,28,7,11,9,0,22,40.5,0.636
2021-10-19,Tuesday,18,5,9,8,1,22,26.7,0.556
2021-10-20,Wednesday,27,7,12,10,1,22,42.3,0.583
2021-10-21,Thursday,16,4,8,7,1,22,22.7,0.5
2021-10-22,Friday,14,4,9,8,0,22,18.3,0.444
2021-10-23,Saturday,11,3,8,7,2,22,13.9,0.375
2021-10-24,Sunday,8,2,10,10,1,22,14.6,0.2
2021-10-25,Monday,25,7,10,8,1,22,35.4,0.7
2021-10-26,Tuesday,23,6,11,9,2,22,32.2,0.545
2021-10-27,Wednesday,17,5,10,9,1,22,24.9,0.5
2021-10-28,Thursday,26,7,11,9,0,22,38.3,0.636
2021-10-29,Friday,23,6,11,9,1,22,36.1,0.545
2021-10-30,Saturday,13,4,10,9,1,22,18.6,0.4
2021-10-31,Sunday,11,3,8,7,0,22,16.8,0.375
2021-11-01,Monday,22,6,10,8,0,22,31.4,0.6
2021-11-02,Tuesday,25,7,9,7,0,22,36.9,0.778
2021-11-03,Wednesday,25,7,11,9,2,22,36.8,0.636
2021-11-04,Thursday,20,5,9,8,0,22,29.2,0.556
2021-11-05,Friday,20,5,10,9,1,22,32.1,0.5
2021-11-06,Saturday,16,4,8,7,2,22,25.6,0.5
2021-11-07,Sunday,13,4,9,8,1,22,17.3,0.444
2021-11-08,Monday,23,6,9,7,0,22,33.1,0.667
2021-11-09,Tuesday,20,5,10,9,2,22,27.7,0.5
2021-11-10,Wednesday,24,6,9,7,1,22,37.3,0.667
2021-11-11,Thursday,18,5,9,8,0,22,24.8,0.556
2021-11-12,Friday,23,6,11,9,1,22,35.3,0.545
2021-11-13,Saturday,21,6,10,9,0,22,32.6,0.6
2021-11-14,Sunday,17,5,10,9,1,22,22.9,0.5
2021-11-15,Monday,32,8,12,10,0,22,43.9,0.667
2021-11-16,Tuesday,23,6,10,8,2,22,30.4,0.6
2021-11-17,Wednesday,27,7,12,10,2,22,40.7,0.583
2021-11-18,Thursday,23,6,9,7,2,22,34.4,0.667
2021-11-19,Friday,22,6,11,9,2,22,32.7,0.545
2021-11-20,Saturday,16,4,9,8,0,22,25.1,0.444
2021-11-21,Sunday,14,4,8,7,0,22,19.4,0.5
2021-11-22,Monday,25,7,11,9,2,22,36.0,0.636
2021-11-23,Tuesday,15,4,10,9,1,22,25.5,0.4
2021-11-24,Wednesday,18,5,10,9,1,22,26.9,0.5
2021-11-25,Thursday,28,7,11,9,2,22,38.1,0.636
2021-11-26,Friday,19,5,10,9,1,22,29.0,0.5
2021-11-27,Saturday,13,4,9,8,2,22,21.5,0.444
2021-11-28,Sunday,10,3,9,9,2,22,13.3,0.333
2021-11-29,Monday,20,5,10,9,0,22,31.1,0.5
2021-11-30,Tuesday,32,8,12,10,2,22,46.5,0.667
2021-12-01,Wednesday,23,6,11,9,0,22,32.7,0.545
2021-12-02,Thursday,19,5,8,7,0,22,26.9,0.625
2021-12-03,Friday,19,5,10,9,2,22,28.1,0.5
2021-12-04,Saturday,9,3,7,7,2,22,11.9,0.429
2021-12-05,Sunday,10,3,9,9,0,22,14.1,0.333
2021-12-06,Monday,22,6,11,9,1,22,33.5,0.545
2021-12-07,Tuesday,27,7,10,8,1,22,39.8,0.7
2021-12-08,Wednesday,19,5,10,9,1,22,28.5,0.5
2021-12-09,Thursday,17,5,10,9,2,22,23.7,0.5
2021-12-10,Friday,17,5,8,7,0,22,24.4,0.625
2021-12-11,Saturday,9,3,8,8,2,22,14.1,0.375
2021-12-12,Sunday,7,2,8,8,0,22,10.6,0.25
2021-12-13,Monday,22,6,8,6,0,22,33.3,0.75
2021-12-14,Tuesday,19,5,9,8,1,22,27.9,0.556
2021-12-15,Wednesday,20,5,11,10,0,22,27.2,0.455
2021-12-16,Thursday,20,5,11,10,1,22,29.7,0.455
2021-12-17,Friday,8,2,8,8,1,22,9.7,0.25
2021-12-18,Saturday,9,3,9,9,1,22,13.0,0.333
2021-12-19,Sunday,6,2,8,8,0,22,10.9,0.25
2021-12-20,Monday,22,6,11,9,2,22,31.5,0.545
2021-12-21,Tuesday,24,6,10,8,1,22,33.4,0.6
2021-12-22,Wednesday,16,4,9,8,1,22,23.6,0.444
2021-12-23,Thursday,13,4,8,7,2,22,19.9,0.5
2021-12-24,Friday,9,3,9,9,3,22,12.2,0.333
2021-12-25,Saturday,7,2,9,9,2,22,10.6,0.222
2021-12-26,Sunday,9,3,9,9,3,22,14.2,0.333
2021-12-27,Monday,15,4,9,8,3,22,19.3,0.444
2021-12-28,Tuesday,23,6,10,8,3,22,33.8,0.6
2021-12-29,Wednesday,24,6,11,9,1,22,34.8,0.545
2021-12-30,Thursday,22,6,11,9,3,22,30.8,0.545
2021-12-31,Friday,21,6,10,9,1,22,31.6,0.6
2022-01-01,Saturday,14,4,8,7,2,23,23.2,0.5
2022-01-02,Sunday,17,5,10,9,2,23,23.2,0.5
2022-01-03,Monday,26,7,10,8,0,23,38.9,0.7
2022-01-04,Tuesday,22,6,11,9,0,23,28.8,0.545
2022-01-05,Wednesday,20,5,11,10,2,23,26.5,0.455
2022-01-06,Thursday,22,6,11,9,0,23,32.3,0.545
2022-01-07,Friday,15,4,10,9,2,23,18.5,0.4
2022-01-08,Saturday,19,5,9,8,1,23,27.1,0.556
2022-01-09,Sunday,7,2,8,8,1,23,9.6,0.25
2022-01-10,Monday,31,8,12,10,2,23,46.5,0.667
2022-01-11,Tuesday,21,6,9,8,0,23,27.8,0.667
2022-01-12,Wednesday,15,4,9,8,1,23,21.4,0.444
2022-01-13,Thursday,25,7,12,10,2,23,36.0,0.583
2022-01-14,Friday,19,5,10,9,0,23,26.0,0.5
2022-01-15,Saturday,18,5,12,11,0,23,25.1,0.417
2022-01-16,Sunday,13,4,8,7,0,23,18.7,0.5
2022-01-17,Monday,28,7,10,8,1,23,43.4,0.7
2022-01-18,Tuesday,19,5,11,10,0,23,26.2,0.455
2022-01-19,Wednesday,15,4,8,7,0,23,21.2,0.5
2022-01-20,Thursday,12,3,9,8,2,23,20.1,0.333
2022-01-21,Friday,26,7,11,9,1,23,37.9,0.636
2022-01-22,Saturday,19,5,11,10,1,23,27.1,0.455
2022-01-23,Sunday,10,3,9,9,1,23,16.7,0.333
2022-01-24,Monday,22,6,11,9,2,23,29.9,0.545
2022-01-25,Tuesday,31,8,11,9,1,23,46.1,0.727
2022-01-26,Wednesday,29,8,12,10,1,23,38.7,0.667
2022-01-27,Thursday,31,8,12,10,2,23,42.8,0.667
2022-01-28,Friday,18,5,10,9,0,23,27.0,0.5
2022-01-29,Saturday,16,4,9,8,1,23,21.8,0.444
2022-01-30,Sunday,17,5,8,7,2,23,24.0,0.625
2022-01-31,Monday,16,4,9,8,1,23,21.9,0.444
2022-02-01,Tuesday,38,10,12,9,2,23,55.3,0.833
2022-02-02,Wednesday,20,5,9,8,2,23,31.9,0.556
2022-02-03,Thursday,25,7,11,9,1,23,33.3,0.636
2022-02-04,Friday,21,6,11,10,2,23,29.1,0.545
2022-02-05,Saturday,14,4,10,9,0,23,20.4,0.4
2022-02-06,Sunday,5,2,8,8,0,23,6.1,0.25
2022-02-07,Monday,33,9,11,8,2,23,48.3,0.818
2022-02-08,Tuesday,33,9,12,9,0,23,49.3,0.75
2022-02-09,Wednesday,21,6,10,9,1,23,29.4,0.6
2022-02-10,Thursday,23,6,9,7,1,23,31.6,0.667
2022-02-11,Friday,23,6,11,9,1,23,35.1,0.545
2022-02-12,Saturday,19,5,11,10,2,23,28.5,0.455
2022-02-13,Sunday,12,3,7,6,0,23,18.3,0.429
2022-02-14,Monday,26,7,10,8,1,23,37.9,0.7
2022-02-15,Tuesday,30,8,11,9,0,23,45.3,0.727
2022-02-16,Wednesday,21,6,11,10,0,23,29.3,0.545
2022-02-17,Thursday,24,6,10,8,0,23,35.7,0.6
2022-02-18,Friday,14,4,8,7,2,23,22.2,0.5
2022-02-19,Saturday,15,4,10,9,0,23,23.0,0.4
2022-02-20,Sunday,17,5,9,8,2,23,26.0,0.556
2022-02-21,Monday,23,6,11,9,1,23,32.3,0.545
2022-02-22,Tuesday,25,7,10,8,1,23,36.5,0.7
2022-02-23,Wednesday,23,6,9,7,2,23,30.7,0.667
2022-02-24,Thursday,24,6,11,9,2,23,34.1,0.545
2022-02-25,Friday,25,7,11,9,0,23,36.4,0.636
2022-02-26,Saturday,17,5,10,9,2,23,25.3,0.5
2022-02-27,Sunday,6,2,7,7,2,23,9.7,0.286
2022-02-28,Monday,28,7,10,8,2,23,41.2,0.7
2022-03-01,Tuesday,24,6,12,10,0,23,34.7,0.5
2022-03-02,Wednesday,14,4,8,7,1,23,18.2,0.5
2022-03-03,Thursday,16,4,10,9,1,23,23.0,0.4
2022-03-04,Friday,12,3,10,9,1,23,17.4,0.3
2022-03-05,Saturday,6,2,9,9,1,23,5.2,0.222
2022-03-06,Sunday,8,2,8,8,1,23,14.1,0.25
2022-03-07,Monday,27,7,10,8,1,23,41.6,0.7
2022-03-08,Tuesday,20,5,10,9,1,23,28.8,0.5
2022-03-09,Wednesday,16,4,8,7,2,23,23.7,0.5
2022-03-10,Thursday,14,4,8,7,2,23,21.5,0.5
2022-03-11,Friday,15,4,10,9,0,23,23.5,0.4
2022-03-12,Saturday,16,4,10,9,1,23,26.3,0.4
2022-03-13,Sunday,6,2,7,7,2,23,11.1,0.286
2022-03-14,Monday,26,7,11,9,1,23,38.3,0.636
2022-03-15,Tuesday,20,5,10,9,2,23,28.7,0.5
2022-03-16,Wednesday,15,4,10,9,0,23,23.4,0.4
2022-03-17,Thursday,20,5,10,9,1,23,29.5,0.5
2022-03-18,Friday,14,4,10,9,2,23,20.2,0.4
2022-03-19,Saturday,12,3,9,8,2,23,14.0,0.333
2022-03-20,Sunday,5,2,8,8,1,23,5.7,0.25
2022-03-21,Monday,21,6,9,8,1,23,33.0,0.667
2022-03-22,Tuesday,15,4,9,8,1,23,22.3,0.444
2022-03-23,Wednesday,15,4,9,8,2,23,21.5,0.444
2022-03-24,Thursday,13,4,9,8,1,23,17.9,0.444
2022-03-25,Friday,26,7,11,9,0,23,37.9,0.636
2022-03-26,Saturday,11,3,9,8,0,23,15.3,0.333
2022-03-27,Sunday,6,2,8,8,1,23,9.9,0.25
2022-03-28,Monday,26,7,11,9,2,23,36.5,0.636
2022-03-29,Tuesday,19,5,9,8,1,23,26.8,0.556
2022-03-30,Wednesday,20,5,11,10,2,23,26.6,0.455
2022-03-31,Thursday,14,4,9,8,2,23,19.4,0.444
2022-04-01,Friday,26,7,10,8,1,23,36.8,0.7
2022-04-02,Saturday,10,3,8,8,2,23,13.8,0.375
2022-04-03,Sunday,7,2,7,7,1,23,11.7,0.286
2022-04-04,Monday,25,7,11,9,1,23,35.3,0.636
2022-04-05,Tuesday,21,6,10,9,2,23,32.7,0.6
2022-04-06,Wednesday,22,6,10,8,1,23,32.5,0.6
2022-04-07,Thursday,23,6,12,10,1,23,34.0,0.5
2022-04-08,Friday,14,4,8,7,1,23,19.5,0.5
2022-04-09,Saturday,8,2,9,9,2,23,11.2,0.222
2022-04-10,Sunday,8,2,10,10,0,23,12.6,0.2
2022-04-11,Monday,18,5,10,9,0,23,25.0,0.5
2022-04-12,Tuesday,22,6,10,8,1,23,34.7,0.6
2022-04-13,Wednesday,20,5,9,8,0,23,29.1,0.556
2022-04-14,Thursday,16,4,8,7,1,23,23.7,0.5
2022-04-15,Friday,7,2,8,8,1,23,9.8,0.25
2022-04-16,Saturday,11,3,8,7,1,23,17.0,0.375
2022-04-17,Sunday,3,1,7,7,0,23,6.5,0.143
2022-04-18,Monday,16,4,9,8,0,23,25.0,0.444
2022-04-19,Tuesday,17,5,9,8,1,23,24.3,0.556
2022-04-20,Wednesday,14,4,9,8,2,23,22.2,0.444
2022-04-21,Thursday,14,4,8,7,2,23,18.8,0.5
2022-04-22,Friday,20,5,9,8,1,23,28.1,0.556
2022-04-23,Saturday,7,2,8,8,0,23,11.1,0.25
2022-04-24,Sunday,9,3,8,8,0,23,15.7,0.375
2022-04-25,Monday,21,6,11,10,1,23,29.4,0.545
2022-04-26,Tuesday,27,7,11,9,0,23,38.5,0.636
2022-04-27,Wednesday,16,4,8,7,2,23,22.9,0.5
2022-04-28,Thursday,21,6,10,9,1,23,33.2,0.6
2022-04-29,Friday,10,3,9,9,2,23,13.3,0.333
2022-04-30,Saturday,6,2,8,8,0,23,8.6,0.25
2022-05-01,Sunday,10,3,7,7,1,23,16.1,0.429
2022-05-02,Monday,26,7,12,10,2,23,36.4,0.583
2022-05-03,Tuesday,24,6,10,8,0,23,35.8,0.6
2022-05-04,Wednesday,11,3,9,8,2,23,18.3,0.333
2022-05-05,Thursday,25,7,11,9,1,23,32.8,0.636
2022-05-06,Friday,24,6,11,9,1,23,36.1,0.545
2022-05-07,Saturday,8,2,10,10,1,23,14.7,0.2
2022-05-08,Sunday,10,3,9,9,2,23,15.1,0.333
2022-05-09,Monday,20,5,9,8,2,23,28.9,0.556
2022-05-10,Tuesday,21,6,11,10,0,23,30.3,0.545
2022-05-11,Wednesday,18,5,9,8,1,23,23.7,0.556
2022-05-12,Thursday,12,3,9,8,2,23,19.8,0.333
2022-05-13,Friday,18,5,9,8,0,23,25.5,0.556
2022-05-14,Saturday,12,3,8,7,1,23,18.8,0.375
2022-05-15,Sunday,7,2,8,8,2,23,12.0,0.25
2022-05-16,Monday,10,3,9,9,0,23,14.0,0.333
2022-05-17,Tuesday,23,6,9,7,1,23,32.5,0.667
2022-05-18,Wednesday,26,7,11,9,1,23,38.6,0.636
2022-05-19,Thursday,18,5,9,8,0,23,28.7,0.556
2022-05-20,Friday,17,5,10,9,0,23,25.4,0.5
2022-05-21,Saturday,17,5,9,8,1,23,23.1,0.556
2022-05-22,Sunday,7,2,7,7,0,23,9.3,0.286
2022-05-23,Monday,12,3,9,8,2,23,18.8,0.333
2022-05-24,Tuesday,17,5,9,8,1,23,25.1,0.556
2022-05-25,Wednesday,20,5,11,10,2,23,27.5,0.455
2022-05-26,Thursday,17,5,9,8,1,23,26.4,0.556
2022-05-27,Friday,23,6,10,8,0,23,33.0,0.6
2022-05-28,Saturday,6,2,8,8,1,23,9.3,0.25
2022-05-29,Sunday,13,4,8,7,2,23,16.9,0.5
2022-05-30,Monday,19,5,9,8,1,23,28.0,0.556
2022-05-31,Tuesday,25,7,11,9,0,23,35.1,0.636
2022-06-01,Wednesday,14,4,8,7,0,23,19.8,0.5
2022-06-02,Thursday,17,5,9,8,1,23,24.2,0.556
2022-06-03,Friday,18,5,10,9,2,23,24.9,0.5
2022-06-04,Saturday,7,2,8,8,1,23,10.9,0.25
2022-06-05,Sunday,7,2,7,7,0,23,9.2,0.286
2022-06-06,Monday,28,7,11,9,0,23,41.0,0.636
2022-06-07,Tuesday,16,4,9,8,1,23,23.6,0.444
2022-06-08,Wednesday,21,6,11,10,1,23,31.3,0.545
2022-06-09,Thursday,17,5,10,9,0,23,23.7,0.5
2022-06-10,Friday,28,7,11,9,2,23,39.4,0.636
2022-06-11,Saturday,15,4,10,9,0,23,21.4,0.4
2022-06-12,Sunday,6,2,7,7,0,23,10.2,0.286
2022-06-13,Monday,21,6,9,8,1,23,29.5,0.667
2022-06-14,Tuesday,20,5,10,9,2,23,30.7,0.5
2022-06-15,Wednesday,17,5,10,9,1,23,24.2,0.5
2022-06-16,Thursday,13,4,9,8,2,23,17.8,0.444
2022-06-17,Friday,20,5,10,9,0,23,29.9,0.5
2022-06-18,Saturday,9,3,8,8,1,23,12.0,0.375
2022-06-19,Sunday,7,2,8,8,0,23,8.7,0.25
2022-06-20,Monday,22,6,10,8,0,23,32.6,0.6
2022-06-21,Tuesday,16,4,9,8,1,23,24.3,0.444
2022-06-22,Wednesday,22,6,10,8,0,23,31.1,0.6
2022-06-23,Thursday,21,6,10,9,0,23,30.4,0.6
2022-06-24,Friday,16,4,9,8,0,23,21.4,0.444
2022-06-25,Saturday,14,4,8,7,2,23,18.1,0.5
2022-06-26,Sunday,8,2,7,7,1,23,9.8,0.286
2022-06-27,Monday,15,4,9,8,1,23,21.5,0.444
2022-06-28,Tuesday,11,3,10,9,2,23,13.2,0.3
2022-06-29,Wednesday,28,7,11,9,1,23,41.8,0.636
2022-06-30,Thursday,20,5,10,9,2,23,28.5,0.5
2022-07-01,Friday,19,5,10,9,1,23,29.9,0.5
2022-07-02,Saturday,14,4,8,7,0,23,20.0,0.5
2022-07-03,Sunday,10,3,9,9,0,23,12.9,0.333
2022-07-04,Monday,22,6,10,8,0,23,35.3,0.6
2022-07-05,Tuesday,21,6,9,8,0,23,28.2,0.667
2022-07-06,Wednesday,18,5,9,8,0,23,25.9,0.556
2022-07-07,Thursday,18,5,9,8,1,23,25.8,0.556
2022-07-08,Friday,18,5,11,10,2,23,25.4,0.455
2022-07-09,Saturday,14,4,9,8,0,23,19.3,0.444
2022-07-10,Sunday,12,3,9,8,0,23,17.1,0.333
2022-07-11,Monday,19,5,10,9,2,23,28.2,0.5
2022-07-12,Tuesday,23,6,10,8,0,23,32.5,0.6
2022-07-13,Wednesday,14,4,9,8,2,23,22.2,0.444
2022-07-14,Thursday,19,5,10,9,1,23,26.8,0.5
2022-07-15,Friday,17,5,8,7,2,23,23.8,0.625
2022-07-16,Saturday,8,2,8,8,1,23,12.0,0.25
2022-07-17,Sunday,10,3,8,8,1,23,15.1,0.375
2022-07-18,Monday,18,5,10,9,0,23,26.7,0.5
2022-07-19,Tuesday,24,6,10,8,1,23,35.0,0.6
2022-07-20,Wednesday,17,5,10,9,2,23,22.7,0.5
2022-07-21,Thursday,24,6,11,9,2,23,33.9,0.545
2022-07-22,Friday,21,6,9,8,0,23,30.8,0.667
2022-07-23,Saturday,13,4,9,8,0,23,17.3,0.444
2022-07-24,Sunday,6,2,8,8,0,23,10.8,0.25
2022-07-25,Monday,26,7,11,9,2,23,39.8,0.636
2022-07-26,Tuesday,21,6,10,9,0,23,28.6,0.6
2022-07-27,Wednesday,16,4,11,10,2,23,22.1,0.364
2022-07-28,Thursday,14,4,9,8,1,23,19.5,0.444
2022-07-29,Friday,12,3,10,9,0,23,15.3,0.3
2022-07-30,Saturday,10,3,8,8,2,23,13.4,0.375
2022-07-31,Sunday,9,3,7,7,2,23,14.1,0.429
2022-08-01,Monday,23,6,10,8,1,23,34.9,0.6
2022-08-02,Tuesday,18,5,10,9,2,23,25.9,0.5
2022-08-03,Wednesday,12,3,9,8,2,23,16.1,0.333
2022-08-04,Thursday,21,6,10,9,1,23,29.9,0.6
2022-08-05,Friday,19,5,10,9,0,23,27.1,0.5
2022-08-06,Saturday,8,2,8,8,2,23,11.6,0.25
2022-08-07,Sunday,13,4,9,8,2,23,17.9,0.444
2022-08-08,Monday,21,6,11,10,2,23,30.3,0.545
2022-08-09,Tuesday,17,5,10,9,2,23,25.2,0.5
2022-08-10,Wednesday,18,5,9,8,1,23,28.3,0.556
2022-08-11,Thursday,26,7,11,9,1,23,37.6,0.636
2022-08-12,Friday,12,3,8,7,2,23,18.9,0.375
2022-08-13,Saturday,7,2,8,8,2,23,11.2,0.25
2022-08-14,Sunday,12,3,9,8,0,23,17.8,0.333
2022-08-15,Monday,28,7,12,10,1,23,40.9,0.583
2022-08-16,Tuesday,27,7,11,9,1,23,38.7,0.636
2022-08-17,Wednesday,16,4,9,8,2,23,24.8,0.444
2022-08-18,Thursday,22,6,11,9,2,23,31.1,0.545
2022-08-19,Friday,20,5,9,8,0,23,30.3,0.556
2022-08-20,Saturday,9,3,8,8,2,23,12.1,0.375
2022-08-21,Sunday,5,2,8,8,1,23,7.5,0.25
2022-08-22,Monday,24,6,10,8,0,23,36.4,0.6
2022-08-23,Tuesday,36,9,12,9,1,23,53.0,0.75
2022-08-24,Wednesday,26,7,12,10,0,23,36.6,0.583
2022-08-25,Thursday,21,6,10,9,2,23,30.0,0.6
2022-08-26,Friday,30,8,12,10,2,23,42.0,0.667
2022-08-27,Saturday,12,3,9,8,2,23,17.6,0.333
2022-08-28,Sunday,5,2,7,7,1,23,8.9,0.286
2022-08-29,Monday,29,8,12,10,1,23,43.0,0.667
2022-08-30,Tuesday,25,7,9,7,1,23,37.6,0.778
2022-08-31,Wednesday,15,4,10,9,2,23,22.8,0.4
2022-09-01,Thursday,24,6,10,8,0,23,33.2,0.6
2022-09-02,Friday,26,7,11,9,2,23,39.0,0.636
2022-09-03,Saturday,18,5,9,8,1,23,23.8,0.556
2022-09-04,Sunday,13,4,9,8,1,23,17.9,0.444
2022-09-05,Monday,20,5,11,10,2,23,30.1,0.455
2022-09-06,Tuesday,28,7,10,8,0,23,37.9,0.7
2022-09-07,Wednesday,21,6,10,9,0,23,31.5,0.6
2022-09-08,Thursday,36,9,12,9,0,23,52.1,0.75
2022-09-09,Friday,22,6,11,9,2,23,31.7,0.545
2022-09-10,Saturday,15,4,7,6,0,23,20.4,0.571
2022-09-11,Sunday,13,4,10,9,1,23,15.4,0.4
2022-09-12,Monday,31,8,12,10,0,23,44.6,0.667
2022-09-13,Tuesday,26,7,11,9,2,23,38.6,0.636
2022-09-14,Wednesday,28,7,11,9,2,23,42.8,0.636
2022-09-15,Thursday,27,7,9,7,1,23,40.2,0.778
2022-09-16,Friday,31,8,12,10,0,23,47.5,0.667
2022-09-17,Saturday,16,4,9,8,1,23,22.8,0.444
2022-09-18,Sunday,15,4,10,9,2,23,20.3,0.4
2022-09-19,Monday,38,10,12,9,2,23,55.8,0.833
2022-09-20,Tuesday,27,7,11,9,1,23,41.6,0.636
2022-09-21,Wednesday,27,7,10,8,1,23,39.4,0.7
2022-09-22,Thursday,22,6,11,9,1,23,29.9,0.545
2022-09-23,Friday,18,5,9,8,0,23,25.3,0.556
2022-09-24,Saturday,20,5,12,11,0,23,29.5,0.417
2022-09-25,Sunday,11,3,10,9,2,23,16.6,0.3
2022-09-26,Monday,35,9,12,9,1,23,50.5,0.75
2022-09-27,Tuesday,26,7,12,10,2,23,36.9,0.583
2022-09-28,Wednesday,32,8,12,10,1,23,45.2,0.667
2022-09-29,Thursday,28,7,12,10,1,23,40.1,0.583
2022-09-30,Friday,29,8,11,9,1,23,42.0,0.727
2022-10-01,Saturday,13,4,8,7,2,23,19.3,0.5
2022-10-02,Sunday,16,4,10,9,0,23,21.7,0.4
2022-10-03,Monday,21,6,11,10,1,23,31.3,0.545
2022-10-04,Tuesday,31,8,11,9,2,23,43.5,0.727
2022-10-05,Wednesday,19,5,9,8,0,23,26.3,0.556
2022-10-06,Thursday,29,8,11,9,0,23,41.4,0.727
2022-10-07,Friday,18,5,8,7,0,23,27.0,0.625
2022-10-08,Saturday,17,5,10,9,1,23,27.0,0.5
2022-10-09,Sunday,11,3,7,6,0,23,14.5,0.429
2022-10-10,Monday,23,6,11,9,1,23,34.7,0.545
2022-10-11,Tuesday,31,8,11,9,0,23,43.6,0.727
2022-10-12,Wednesday,36,9,11,8,0,23,53.8,0.818
2022-10-13,Thursday,18,5,10,9,0,23,26.0,0.5
2022-10-14,Friday,26,7,10,8,2,23,35.8,0.7
2022-10-15,Saturday,17,5,10,9,1,23,26.5,0.5
2022-10-16,Sunday,19,5,9,8,0,23,26.6,0.556
2022-10-17,Monday,26,7,10,8,1,23,36.6,0.7
2022-10-18,Tuesday,20,5,8,7,2,23,29.4,0.625
2022-10-19,Wednesday,24,6,9,7,2,23,33.9,0.667
2022-10-20,Thursday,32,8,12,10,2,23,46.0,0.667
2022-10-21,Friday,21,6,12,11,1,23,30.0,0.5
2022-10-22,Saturday,15,4,9,8,1,23,23.7,0.444
2022-10-23,Sunday,16,4,9,8,0,23,20.6,0.444
2022-10-24,Monday,33,9,11,8,0,23,46.3,0.818
2022-10-25,Tuesday,21,6,11,10,2,23,31.1,0.545
2022-10-26,Wednesday,24,6,10,8,0,23,35.7,0.6
2022-10-27,Thursday,28,7,11,9,2,23,40.8,0.636
2022-10-28,Friday,20,5,10,9,2,23,26.5,0.5
2022-10-29,Saturday,14,4,9,8,2,23,20.1,0.444
2022-10-30,Sunday,18,5,9,8,1,23,23.8,0.556
2022-10-31,Monday,32,8,12,10,2,23,49.6,0.667
2022-11-01,Tuesday,30,8,11,9,0,23,44.1,0.727
2022-11-02,Wednesday,29,8,12,10,2,23,41.1,0.667
2022-11-03,Thursday,20,5,9,8,1,23,31.7,0.556
2022-11-04,Friday,29,8,11,9,2,23,44.6,0.727
2022-11-05,Saturday,22,6,11,9,0,23,33.7,0.545
2022-11-06,Sunday,16,4,9,8,2,23,24.9,0.444
2022-11-07,Monday,27,7,12,10,1,23,38.4,0.583
2022-11-08,Tuesday,25,7,9,7,0,23,37.6,0.778
2022-11-09,Wednesday,24,6,10,8,1,23,33.9,0.6
2022-11-10,Thursday,31,8,11,9,0,23,46.5,0.727
2022-11-11,Friday,25,7,12,10,0,23,36.8,0.583
2022-11-12,Saturday,19,5,8,7,1,23,29.5,0.625
2022-11-13,Sunday,15,4,9,8,2,23,22.4,0.444
2022-11-14,Monday,29,8,12,10,0,23,42.6,0.667
2022-11-15,Tuesday,24,6,10,8,0,23,33.5,0.6
2022-11-16,Wednesday,26,7,11,9,1,23,35.4,0.636
2022-11-17,Thursday,18,5,10,9,1,23,24.5,0.5
2022-11-18,Friday,27,7,11,9,0,23,35.0,0.636
2022-11-19,Saturday,17,5,11,10,1,23,24.6,0.455
2022-11-20,Sunday,17,5,10,9,1,23,24.9,0.5
2022-11-21,Monday,27,7,12,10,2,23,37.4,0.583
2022-11-22,Tuesday,22,6,10,8,0,23,34.1,0.6
2022-11-23,Wednesday,17,5,9,8,1,23,26.3,0.556
2022-11-24,Thursday,13,4,9,8,0,23,19.1,0.444
2022-11-25,Friday,18,5,9,8,2,23,27.0,0.556
2022-11-26,Saturday,18,5,10,9,2,23,25.9,0.5
2022-11-27,Sunday,15,4,9,8,1,23,23.0,0.444
2022-11-28,Monday,34,9,11,8,1,23,48.8,0.818
2022-11-29,Tuesday,28,7,11,9,2,23,41.8,0.636
2022-11-30,Wednesday,22,6,9,7,0,23,30.8,0.667
2022-12-01,Thursday,11,3,9,8,0,23,19.0,0.333
2022-12-02,Friday,16,4,9,8,0,23,22.8,0.444
2022-12-03,Saturday,8,2,9,9,2,23,9.6,0.222
2022-12-04,Sunday,7,2,8,8,0,23,8.2,0.25
2022-12-05,Monday,21,6,11,10,0,23,31.2,0.545
2022-12-06,Tuesday,32,8,12,10,0,23,46.8,0.667
2022-12-07,Wednesday,23,6,11,9,2,23,31.8,0.545
2022-12-08,Thursday,19,5,10,9,2,23,28.8,0.5
2022-12-09,Friday,24,6,9,7,2,23,35.1,0.667
2022-12-10,Saturday,12,3,10,9,0,23,18.5,0.3
2022-12-11,Sunday,11,3,9,8,1,23,14.9,0.333
2022-12-12,Monday,25,7,11,9,1,23,35.9,0.636
2022-12-13,Tuesday,23,6,11,9,1,23,34.4,0.545
2022-12-14,Wednesday,15,4,9,8,0,23,24.8,0.444
2022-12-15,Thursday,16,4,9,8,1,23,21.9,0.444
2022-12-16,Friday,18,5,10,9,0,23,25.6,0.5
2022-12-17,Saturday,14,4,9,8,0,23,16.8,0.444
2022-12-18,Sunday,8,2,9,9,0,23,12.2,0.222
2022-12-19,Monday,19,5,10,9,2,23,24.8,0.5
2022-12-20,Tuesday,20,5,11,10,2,23,27.7,0.455
2022-12-21,Wednesday,14,4,9,8,3,23,20.2,0.444
2022-12-22,Thursday,14,4,9,8,2,23,19.1,0.444
2022-12-23,Friday,12,3,8,7,2,23,18.3,0.375
2022-12-24,Saturday,9,3,8,8,2,23,14.4,0.375
2022-12-25,Sunday,7,2,9,9,1,23,9.8,0.222
2022-12-26,Monday,16,4,9,8,3,23,22.3,0.444
2022-12-27,Tuesday,28,7,11,9,3,23,38.3,0.636
2022-12-28,Wednesday,17,5,9,8,1,23,24.4,0.556
2022-12-29,Thursday,16,4,9,8,1,23,22.2,0.444
2022-12-30,Friday,17,5,11,10,1,23,23.9,0.455
2022-12-31,Saturday,13,4,10,9,2,23,20.3,0.4
2023-01-01,Sunday,16,4,9,8,0,23,22.2,0.444
2023-01-02,Monday,28,7,11,9,0,23,37.9,0.636
2023-01-03,Tuesday,22,6,10,8,1,23,30.7,0.6
2023-01-04,Wednesday,27,7,11,9,0,23,38.0,0.636
2023-01-05,Thursday,21,6,10,9,0,23,27.4,0.6
2023-01-06,Friday,27,7,12,10,0,23,42.4,0.583
2023-01-07,Saturday,14,4,10,9,2,23,18.8,0.4
2023-01-08,Sunday,8,2,7,7,1,23,11.2,0.286
2023-01-09,Monday,24,6,11,9,0,23,35.6,0.545
2023-01-10,Tuesday,26,7,11,9,1,23,39.6,0.636
2023-01-11,Wednesday,22,6,9,7,0,23,32.6,0.667
2023-01-12,Thursday,22,6,11,9,1,23,33.9,0.545
2023-01-13,Friday,29,8,12,10,1,23,40.1,0.667
2023-01-14,Saturday,21,6,10,9,2,23,29.4,0.6
2023-01-15,Sunday,16,4,10,9,1,23,24.0,0.4
2023-01-16,Monday,27,7,11,9,2,23,38.2,0.636
2023-01-17,Tuesday,32,8,12,10,0,23,44.8,0.667
2023-01-18,Wednesday,21,6,11,10,0,23,29.2,0.545
2023-01-19,Thursday,22,6,9,7,1,23,30.8,0.667
2023-01-20,Friday,16,4,11,10,0,23,21.8,0.364
2023-01-21,Saturday,22,6,11,9,1,23,31.4,0.545
2023-01-22,Sunday,13,4,8,7,1,23,16.2,0.5
2023-01-23,Monday,34,9,11,8,2,23,47.2,0.818
2023-01-24,Tuesday,31,8,12,10,1,23,45.2,0.667
2023-01-25,Wednesday,22,6,10,8,2,23,30.8,0.6
2023-01-26,Thursday,30,8,12,10,1,23,43.2,0.667
2023-01-27,Friday,22,6,11,9,1,23,30.7,0.545
2023-01-28,Saturday,20,5,9,8,0,23,30.4,0.556
2023-01-29,Sunday,11,3,8,7,2,23,14.2,0.375
2023-01-30,Monday,20,5,10,9,2,23,27.9,0.5
2023-01-31,Tuesday,27,7,10,8,0,23,40.3,0.7
2023-02-01,Wednesday,17,5,10,9,0,23,25.6,0.5
2023-02-02,Thursday,23,6,9,7,0,23,33.9,0.667
2023-02-03,Friday,22,6,10,8,1,23,31.7,0.6
2023-02-04,Saturday,11,3,9,8,1,23,16.2,0.333
2023-02-05,Sunday,19,5,10,9,0,23,26.3,0.5
2023-02-06,Monday,29,8,11,9,0,23,40.0,0.727
2023-02-07,Tuesday,32,8,11,9,1,23,47.5,0.727
2023-02-08,Wednesday,30,8,11,9,1,23,44.3,0.727
2023-02-09,Thursday,22,6,11,9,1,23,31.8,0.545
2023-02-10,Friday,20,5,10,9,0,23,30.5,0.5
2023-02-11,Saturday,11,3,8,7,2,23,17.3,0.375
2023-02-12,Sunday,13,4,9,8,2,23,18.8,0.444
2023-02-13,Monday,23,6,11,9,0,23,34.4,0.545
2023-02-14,Tuesday,27,7,11,9,0,23,39.6,0.636
2023-02-15,Wednesday,25,7,9,7,1,23,36.7,0.778
2023-02-16,Thursday,28,7,11,9,1,23,39.7,0.636
2023-02-17,Friday,38,10,12,9,0,23,57.4,0.833
2023-02-18,Saturday,17,5,8,7,0,23,23.1,0.625
2023-02-19,Sunday,12,3,9,8,2,23,15.6,0.333
2023-02-20,Monday,25,7,10,8,1,23,37.1,0.7
2023-02-21,Tuesday,18,5,10,9,0,23,27.1,0.5
2023-02-22,Wednesday,24,6,11,9,1,23,37.4,0.545
2023-02-23,Thursday,26,7,12,10,0,23,34.3,0.583
2023-02-24,Friday,19,5,10,9,0,23,28.5,0.5
2023-02-25,Saturday,22,6,11,9,2,23,32.0,0.545
2023-02-26,Sunday,8,2,8,8,0,23,13.6,0.25
2023-02-27,Monday,34,9,12,9,0,23,47.5,0.75
2023-02-28,Tuesday,22,6,10,8,2,23,33.0,0.6
2023-03-01,Wednesday,21,6,9,8,0,23,29.4,0.667
2023-03-02,Thursday,21,6,10,9,1,23,28.8,0.6
2023-03-03,Friday,20,5,12,11,2,23,31.1,0.417
2023-03-04,Saturday,12,3,9,8,2,23,18.0,0.333
2023-03-05,Sunday,9,3,9,9,2,23,14.3,0.333
2023-03-06,Monday,24,6,10,8,1,23,32.8,0.6
2023-03-07,Tuesday,20,5,10,9,2,23,30.5,0.5
2023-03-08,Wednesday,21,6,11,10,0,23,30.4,0.545
2023-03-09,Thursday,22,6,12,10,0,23,32.6,0.5
2023-03-10,Friday,16,4,10,9,0,23,21.8,0.4
2023-03-11,Saturday,12,3,9,8,1,23,18.0,0.333
2023-03-12,Sunday,12,3,9,8,2,23,19.1,0.333
2023-03-13,Monday,29,8,11,9,2,23,41.3,0.727
2023-03-14,Tuesday,19,5,9,8,2,23,27.3,0.556
2023-03-15,Wednesday,21,6,9,8,0,23,32.1,0.667
2023-03-16,Thursday,20,5,9,8,2,23,26.6,0.556
2023-03-17,Friday,14,4,9,8,2,23,22.0,0.444
2023-03-18,Saturday,8,2,8,8,1,23,9.9,0.25
2023-03-19,Sunday,12,3,8,7,0,23,19.3,0.375
2023-03-20,Monday,21,6,10,9,0,23,32.8,0.6
2023-03-21,Tuesday,26,7,10,8,2,23,36.4,0.7
2023-03-22,Wednesday,30,8,10,8,0,23,44.4,0.8
2023-03-23,Thursday,23,6,10,8,1,23,33.0,0.6
2023-03-24,Friday,15,4,9,8,2,23,22.1,0.444
2023-03-25,Saturday,7,2,8,8,1,23,7.9,0.25
2023-03-26,Sunday,7,2,9,9,0,23,8.5,0.222
2023-03-27,Monday,18,5,8,7,1,23,25.0,0.625
2023-03-28,Tuesday,31,8,10,8,0,23,43.4,0.8
2023-03-29,Wednesday,21,6,10,9,0,23,29.1,0.6
2023-03-30,Thursday,24,6,11,9,2,23,34.8,0.545
2023-03-31,Friday,21,6,10,9,1,23,29.5,0.6
2023-04-01,Saturday,13,4,8,7,2,23,18.9,0.5
2023-04-02,Sunday,6,2,7,7,2,23,9.0,0.286
2023-04-03,Monday,30,8,11,9,1,23,43.4,0.727
2023-04-04,Tuesday,20,5,10,9,1,23,27.0,0.5
2023-04-05,Wednesday,12,3,10,9,0,23,17.2,0.3
2023-04-06,Thursday,18,5,9,8,1,23,24.5,0.556
2023-04-07,Friday,16,4,9,8,2,23,24.4,0.444
2023-04-08,Saturday,11,3,11,10,0,23,12.8,0.273
2023-04-09,Sunday,8,2,8,8,0,23,9.2,0.25
2023-04-10,Monday,20,5,10,9,2,23,27.5,0.5
2023-04-11,Tuesday,15,4,10,9,2,23,19.9,0.4
2023-04-12,Wednesday,27,7,11,9,1,23,39.1,0.636
2023-04-13,Thursday,17,5,10,9,2,23,25.2,0.5
2023-04-14,Friday,16,4,9,8,0,23,24.5,0.444
2023-04-15,Saturday,13,4,9,8,1,23,18.8,0.444
2023-04-16,Sunday,11,3,8,7,2,23,13.5,0.375
2023-04-17,Monday,21,6,10,9,1,23,28.7,0.6
2023-04-18,Tuesday,22,6,12,10,1,23,31.7,0.5
2023-04-19,Wednesday,18,5,11,10,0,23,26.9,0.455
2023-04-20,Thursday,13,4,9,8,1,23,18.2,0.444
2023-04-21,Friday,20,5,11,10,1,23,27.9,0.455
2023-04-22,Saturday,20,5,9,8,2,23,27.6,0.556
2023-04-23,Sunday,8,2,8,8,0,23,12.7,0.25
2023-04-24,Monday,25,7,11,9,1,23,34.4,0.636
2023-04-25,Tuesday,19,5,11,10,1,23,29.3,0.455
2023-04-26,Wednesday,16,4,9,8,2,23,22.7,0.444
2023-04-27,Thursday,28,7,11,9,0,23,40.9,0.636
2023-04-28,Friday,18,5,11,10,2,23,25.7,0.455
2023-04-29,Saturday,10,3,9,9,2,23,15.9,0.333
2023-04-30,Sunday,13,4,10,9,1,23,17.7,0.4
2023-05-01,Monday,23,6,10,8,1,23,32.7,0.6
2023-05-02,Tuesday,25,7,11,9,0,23,36.6,0.636
2023-05-03,Wednesday,25,7,10,8,0,23,37.3,0.7
2023-05-04,Thursday,27,7,12,10,0,23,39.6,0.583
2023-05-05,Friday,22,6,11,9,0,23,31.7,0.545
2023-05-06,Saturday,15,4,8,7,1,23,20.8,0.5
2023-05-07,Sunday,15,4,9,8,0,23,20.6,0.444
2023-05-08,Monday,25,7,11,9,0,23,38.3,0.636
2023-05-09,Tuesday,18,5,9,8,2,23,24.1,0.556
2023-05-10,Wednesday,30,8,11,9,0,23,43.4,0.727
2023-05-11,Thursday,36,9,12,9,0,23,51.4,0.75
2023-05-12,Friday,23,6,11,9,1,23,32.1,0.545
2023-05-13,Saturday,16,4,9,8,2,23,22.1,0.444
2023-05-14,Sunday,13,4,9,8,2,23,16.8,0.444
2023-05-15,Monday,21,6,9,8,0,23,31.5,0.667
2023-05-16,Tuesday,24,6,10,8,0,23,33.8,0.6
2023-05-17,Wednesday,23,6,10,8,2,23,34.2,0.6
2023-05-18,Thursday,25,7,11,9,2,23,35.5,0.636
2023-05-19,Friday,23,6,10,8,1,23,32.1,0.6
2023-05-20,Saturday,19,5,9,8,2,23,27.6,0.556
2023-05-21,Sunday,22,6,9,7,2,23,34.1,0.667
2023-05-22,Monday,27,7,11,9,2,23,39.3,0.636
2023-05-23,Tuesday,24,6,9,7,2,23,35.6,0.667
2023-05-24,Wednesday,23,6,9,7,2,23,34.8,0.667
2023-05-25,Thursday,28,7,10,8,0,23,42.3,0.7
2023-05-26,Friday,15,4,9,8,2,23,21.2,0.444
2023-05-27,Saturday,13,4,7,6,2,23,18.8,0.571
2023-05-28,Sunday,13,4,9,8,0,23,18.4,0.444
2023-05-29,Monday,19,5,11,10,0,23,27.5,0.455
2023-05-30,Tuesday,25,7,12,10,1,23,37.9,0.583
2023-05-31,Wednesday,20,5,8,7,0,23,30.4,0.625
2023-06-01,Thursday,31,8,12,10,2,23,45.5,0.667
2023-06-02,Friday,32,8,11,9,1,23,46.7,0.727
2023-06-03,Saturday,17,5,8,7,1,23,23.8,0.625
2023-06-04,Sunday,13,4,9,8,2,23,18.9,0.444
2023-06-05,Monday,14,4,10,9,2,23,20.2,0.4
2023-06-06,Tuesday,14,4,9,8,2,23,21.0,0.444
2023-06-07,Wednesday,22,6,10,8,2,23,31.3,0.6
2023-06-08,Thursday,26,7,11,9,2,23,39.0,0.636
2023-06-09,Friday,18,5,8,7,0,23,27.0,0.625
2023-06-10,Saturday,20,5,9,8,2,23,27.7,0.556
2023-06-11,Sunday,12,3,8,7,0,23,16.7,0.375
2023-06-12,Monday,24,6,10,8,0,23,35.5,0.6
2023-06-13,Tuesday,13,4,9,8,1,23,17.0,0.444
2023-06-14,Wednesday,22,6,10,8,0,23,32.4,0.6
2023-06-15,Thursday,37,10,12,9,0,23,52.2,0.833
2023-06-16,Friday,23,6,10,8,2,23,33.5,0.6
2023-06-17,Saturday,14,4,9,8,1,23,25.0,0.444
2023-06-18,Sunday,12,3,9,8,2,23,16.6,0.333
2023-06-19,Monday,21,6,10,9,2,23,31.9,0.6
2023-06-20,Tuesday,31,8,12,10,1,23,43.8,0.667
2023-06-21,Wednesday,18,5,10,9,1,23,25.6,0.5
2023-06-22,Thursday,15,4,9,8,2,23,23.4,0.444
2023-06-23,Friday,22,6,10,8,0,23,29.2,0.6
2023-06-24,Saturday,21,6,11,10,2,23,26.9,0.545
2023-06-25,Sunday,8,2,7,7,2,23,10.5,0.286
2023-06-26,Monday,38,10,12,9,0,23,53.1,0.833
2023-06-27,Tuesday,21,6,9,8,0,23,31.7,0.667
2023-06-28,Wednesday,18,5,9,8,2,23,25.2,0.556
2023-06-29,Thursday,20,5,9,8,2,23,26.7,0.556
2023-06-30,Friday,18,5,11,10,2,23,25.6,0.455
2023-07-01,Saturday,8,2,8,8,0,23,12.7,0.25
2023-07-02,Sunday,9,3,8,8,2,23,11.5,0.375
2023-07-03,Monday,13,4,9,8,2,23,17.7,0.444
2023-07-04,Tuesday,27,7,11,9,2,23,40.0,0.636
2023-07-05,Wednesday,30,8,11,9,1,23,42.0,0.727
2023-07-06,Thursday,22,6,10,8,1,23,34.4,0.6
2023-07-07,Friday,14,4,6,5,1,23,20.0,0.667
2023-07-08,Saturday,12,3,9,8,0,23,17.9,0.333
2023-07-09,Sunday,10,3,8,8,1,23,13.4,0.375
2023-07-10,Monday,34,9,12,9,0,23,49.4,0.75
2023-07-11,Tuesday,27,7,12,10,0,23,41.7,0.583
2023-07-12,Wednesday,16,4,9,8,0,23,25.2,0.444
2023-07-13,Thursday,16,4,10,9,1,23,23.0,0.4
2023-07-14,Friday,16,4,8,7,0,23,21.2,0.5
2023-07-15,Saturday,13,4,9,8,2,23,18.7,0.444
2023-07-16,Sunday,8,2,8,8,2,23,7.9,0.25
2023-07-17,Monday,21,6,9,8,2,23,31.4,0.667
2023-07-18,Tuesday,18,5,9,8,0,23,24.6,0.556
2023-07-19,Wednesday,11,3,10,9,0,23,15.8,0.3
2023-07-20,Thursday,20,5,10,9,1,23,28.7,0.5
2023-07-21,Friday,19,5,11,10,2,23,29.0,0.455
2023-07-22,Saturday,12,3,8,7,0,23,17.5,0.375
2023-07-23,Sunday,15,4,10,9,2,23,21.5,0.4
2023-07-24,Monday,26,7,10,8,1,23,39.9,0.7
2023-07-25,Tuesday,24,6,11,9,2,23,36.1,0.545
2023-07-26,Wednesday,26,7,11,9,0,23,36.5,0.636
2023-07-27,Thursday,18,5,10,9,1,23,26.9,0.5
2023-07-28,Friday,15,4,9,8,1,23,21.1,0.444
2023-07-29,Saturday,14,4,8,7,0,23,19.6,0.5
2023-07-30,Sunday,9,3,9,9,2,23,11.7,0.333
2023-07-31,Monday,26,7,12,10,2,23,36.3,0.583
2023-08-01,Tuesday,18,5,9,8,1,23,24.9,0.556
2023-08-02,Wednesday,15,4,8,7,1,23,20.3,0.5
2023-08-03,Thursday,22,6,11,9,1,23,32.3,0.545
2023-08-04,Friday,21,6,10,9,1,23,29.6,0.6
2023-08-05,Saturday,13,4,9,8,1,23,19.8,0.444
2023-08-06,Sunday,11,3,9,8,2,23,15.5,0.333
2023-08-07,Monday,34,9,11,8,1,23,50.9,0.818
2023-08-08,Tuesday,17,5,9,8,0,23,23.0,0.556
2023-08-09,Wednesday,19,5,10,9,1,23,24.5,0.5
2023-08-10,Thursday,18,5,11,10,2,23,26.3,0.455
2023-08-11,Friday,14,4,9,8,1,23,22.3,0.444
2023-08-12,Saturday,12,3,8,7,0,23,17.1,0.375
2023-08-13,Sunday,11,3,8,7,2,23,16.4,0.375
2023-08-14,Monday,20,5,10,9,2,23,27.5,0.5
2023-08-15,Tuesday,21,6,9,8,0,23,32.1,0.667
2023-08-16,Wednesday,18,5,8,7,2,23,25.9,0.625
2023-08-17,Thursday,18,5,10,9,2,23,26.6,0.5
2023-08-18,Friday,16,4,10,9,2,23,21.8,0.4
2023-08-19,Saturday,14,4,9,8,1,23,19.1,0.444
2023-08-20,Sunday,8,2,8,8,2,23,11.3,0.25
2023-08-21,Monday,23,6,10,8,2,23,32.3,0.6
2023-08-22,Tuesday,33,9,12,9,2,23,49.2,0.75
2023-08-23,Wednesday,26,7,11,9,1,23,37.2,0.636
2023-08-24,Thursday,22,6,8,6,0,23,32.2,0.75
2023-08-25,Friday,16,4,9,8,0,23,25.0,0.444
2023-08-26,Saturday,11,3,9,8,2,23,16.9,0.333
2023-08-27,Sunday,3,1,7,7,1,23,6.6,0.143
2023-08-28,Monday,25,7,11,9,2,23,34.4,0.636
2023-08-29,Tuesday,26,7,11,9,1,23,38.1,0.636
2023-08-30,Wednesday,21,6,10,9,1,23,28.0,0.6
2023-08-31,Thursday,11,3,10,9,0,23,14.6,0.3
2023-09-01,Friday,26,7,12,10,1,23,37.6,0.583
2023-09-02,Saturday,13,4,9,8,1,23,19.0,0.444
2023-09-03,Sunday,11,3,8,7,0,23,16.3,0.375
2023-09-04,Monday,21,6,8,7,0,23,30.5,0.75
2023-09-05,Tuesday,19,5,9,8,1,23,30.9,0.556
2023-09-06,Wednesday,22,6,9,7,0,23,31.0,0.667
2023-09-07,Thursday,20,5,10,9,2,23,27.6,0.5
2023-09-08,Friday,21,6,10,9,1,23,34.1,0.6
2023-09-09,Saturday,21,6,11,10,1,23,33.2,0.545
2023-09-10,Sunday,16,4,10,9,0,23,24.4,0.4
2023-09-11,Monday,34,9,12,9,1,23,50.7,0.75
2023-09-12,Tuesday,24,6,12,10,1,23,34.2,0.5
2023-09-13,Wednesday,30,8,11,9,1,23,43.2,0.727
2023-09-14,Thursday,19,5,9,8,0,23,28.2,0.556
2023-09-15,Friday,24,6,10,8,0,23,35.2,0.6
2023-09-16,Saturday,17,5,9,8,2,23,23.7,0.556
2023-09-17,Sunday,16,4,10,9,2,23,24.3,0.4
2023-09-18,Monday,16,4,9,8,2,23,27.0,0.444
2023-09-19,Tuesday,35,9,12,9,0,23,51.8,0.75
2023-09-20,Wednesday,30,8,11,9,1,23,46.9,0.727
2023-09-21,Thursday,14,4,9,8,0,23,21.0,0.444
2023-09-22,Friday,21,6,11,10,2,23,32.1,0.545
2023-09-23,Saturday,24,6,11,9,0,23,35.3,0.545
2023-09-24,Sunday,12,3,10,9,1,23,18.1,0.3
2023-09-25,Monday,32,8,11,9,2,23,45.4,0.727
2023-09-26,Tuesday,29,8,12,10,2,23,41.0,0.667
2023-09-27,Wednesday,29,8,10,8,2,23,42.8,0.8
2023-09-28,Thursday,16,4,8,7,1,23,24.7,0.5
2023-09-29,Friday,31,8,10,8,0,23,46.4,0.8
2023-09-30,Saturday,11,3,9,8,0,23,17.7,0.333
2023-10-01,Sunday,11,3,10,9,0,23,13.7,0.3
2023-10-02,Monday,24,6,10,8,0,23,35.1,0.6
2023-10-03,Tuesday,20,5,9,8,1,23,30.3,0.556
2023-10-04,Wednesday,27,7,11,9,0,23,35.6,0.636
2023-10-05,Thursday,26,7,11,9,0,23,38.1,0.636
2023-10-06,Friday,23,6,10,8,1,23,33.4,0.6
2023-10-07,Saturday,16,4,9,8,2,23,24.2,0.444
2023-10-08,Sunday,19,5,9,8,2,23,26.5,0.556
2023-10-09,Monday,26,7,10,8,0,23,39.4,0.7
2023-10-10,Tuesday,23,6,11,9,2,23,34.0,0.545
2023-10-11,Wednesday,27,7,11,9,1,23,39.3,0.636
2023-10-12,Thursday,19,5,9,8,1,23,27.5,0.556
2023-10-13,Friday,20,5,11,10,1,23,28.7,0.455
2023-10-14,Saturday,16,4,9,8,2,23,23.5,0.444
2023-10-15,Sunday,14,4,10,9,1,23,19.8,0.4
2023-10-16,Monday,35,9,12,9,0,23,51.1,0.75
2023-10-17,Tuesday,29,8,11,9,1,23,42.1,0.727
2023-10-18,Wednesday,33,9,11,8,0,23,47.6,0.818
2023-10-19,Thursday,24,6,12,10,0,23,33.8,0.5
2023-10-20,Friday,30,8,12,10,0,23,44.2,0.667
2023-10-21,Saturday,14,4,9,8,0,23,21.9,0.444
2023-10-22,Sunday,7,2,9,9,1,23,12.2,0.222
2023-10-23,Monday,29,8,12,10,0,23,42.6,0.667
2023-10-24,Tuesday,27,7,12,10,1,23,40.4,0.583
2023-10-25,Wednesday,18,5,9,8,0,23,25.4,0.556
2023-10-26,Thursday,25,7,11,9,0,23,36.4,0.636
2023-10-27,Friday,21,6,9,8,2,23,30.8,0.667
2023-10-28,Saturday,12,3,9,8,0,23,18.4,0.333
2023-10-29,Sunday,17,5,9,8,0,23,22.8,0.556
2023-10-30,Monday,34,9,12,9,1,23,48.3,0.75
2023-10-31,Tuesday,19,5,10,9,0,23,28.0,0.5
2023-11-01,Wednesday,34,9,12,9,0,23,50.6,0.75
2023-11-02,Thursday,30,8,11,9,0,23,44.9,0.727
2023-11-03,Friday,28,7,12,10,1,23,43.5,0.583
2023-11-04,Saturday,12,3,10,9,2,23,16.6,0.3
2023-11-05,Sunday,24,6,10,8,1,23,36.3,0.6
2023-11-06,Monday,26,7,11,9,2,23,36.2,0.636
2023-11-07,Tuesday,25,7,11,9,2,23,37.5,0.636
2023-11-08,Wednesday,15,4,9,8,2,23,22.8,0.444
2023-11-09,Thursday,29,8,10,8,1,23,43.3,0.8
2023-11-10,Friday,17,5,8,7,1,23,25.9,0.625
2023-11-11,Saturday,13,4,8,7,1,23,17.2,0.5
2023-11-12,Sunday,21,6,8,7,2,23,32.2,0.75
2023-11-13,Monday,32,8,12,10,1,23,43.3,0.667
2023-11-14,Tuesday,23,6,11,9,1,23,32.7,0.545
2023-11-15,Wednesday,25,7,11,9,0,23,36.9,0.636
2023-11-16,Thursday,25,7,9,7,2,23,36.4,0.778
2023-11-17,Friday,18,5,8,7,1,23,24.3,0.625
2023-11-18,Saturday,20,5,10,9,2,23,29.8,0.5
2023-11-19,Sunday,16,4,11,10,2,23,26.7,0.364
2023-11-20,Monday,34,9,11,8,0,23,49.7,0.818
2023-11-21,Tuesday,34,9,12,9,1,23,49.4,0.75
2023-11-22,Wednesday,17,5,9,8,1,23,23.1,0.556
2023-11-23,Thursday,19,5,10,9,0,23,25.7,0.5
2023-11-24,Friday,23,6,11,9,0,23,31.8,0.545
2023-11-25,Saturday,12,3,8,7,1,23,18.6,0.375
2023-11-26,Sunday,17,5,9,8,0,23,25.5,0.556
2023-11-27,Monday,21,6,11,10,1,23,31.9,0.545
2023-11-28,Tuesday,26,7,11,9,2,23,37.8,0.636
2023-11-29,Wednesday,23,6,11,9,0,23,32.8,0.545
2023-11-30,Thursday,32,8,11,9,0,23,45.1,0.727
2023-12-01,Friday,22,6,11,9,0,23,29.6,0.545
2023-12-02,Saturday,8,2,8,8,2,23,11.3,0.25
2023-12-03,Sunday,11,3,9,8,2,23,15.1,0.333
2023-12-04,Monday,21,6,10,9,2,23,33.3,0.6
2023-12-05,Tuesday,22,6,10,8,0,23,33.8,0.6
2023-12-06,Wednesday,17,5,9,8,1,23,23.2,0.556
2023-12-07,Thursday,19,5,9,8,0,23,27.4,0.556
2023-12-08,Friday,22,6,11,9,1,23,28.0,0.545
2023-12-09,Saturday,14,4,9,8,0,23,20.6,0.444
2023-12-10,Sunday,11,3,7,6,1,23,16.5,0.429
2023-12-11,Monday,18,5,8,7,2,23,26.7,0.625
2023-12-12,Tuesday,23,6,9,7,2,23,34.4,0.667
2023-12-13,Wednesday,25,7,11,9,0,23,36.3,0.636
2023-12-14,Thursday,18,5,9,8,0,23,25.9,0.556
2023-12-15,Friday,18,5,10,9,0,23,26.2,0.5
2023-12-16,Saturday,9,3,8,8,0,23,11.6,0.375
2023-12-17,Sunday,15,4,9,8,1,23,21.5,0.444
2023-12-18,Monday,31,8,12,10,1,23,46.0,0.667
2023-12-19,Tuesday,26,7,11,9,2,23,37.0,0.636
2023-12-20,Wednesday,24,6,8,6,2,23,36.9,0.75
2023-12-21,Thursday,13,4,9,8,3,23,18.6,0.444
2023-12-22,Friday,21,6,10,9,1,23,29.8,0.6
2023-12-23,Saturday,12,3,10,9,1,23,16.3,0.3
2023-12-24,Sunday,12,3,10,9,2,23,17.0,0.3
2023-12-25,Monday,22,6,9,7,3,23,30.8,0.667
2023-12-26,Tuesday,28,7,11,9,3,23,41.0,0.636
2023-12-27,Wednesday,21,6,9,8,2,23,31.3,0.667
2023-12-28,Thursday,20,5,11,10,1,23,32.6,0.455
2023-12-29,Friday,21,6,11,10,1,23,29.3,0.545
2023-12-30,Saturday,12,3,9,8,1,23,17.3,0.333
2023-12-31,Sunday,12,3,9,8,2,23,18.1,0.333
