date,day_of_week,appointments,workload_score,scheduled_nurses,assigned_nurses,available_nurses,on_leave_nurses,total_nurses,nurse_utilization_rate
2020-01-01,Wednesday,28,45.7,23,23,0,3,34,1.0
2020-01-02,Thursday,17,28.2,19,15,4,3,34,0.789
2020-01-03,Friday,24,40.5,19,19,0,3,34,1.0
2020-01-04,Saturday,18,28.0,21,18,3,1,34,0.857
2020-01-05,Sunday,13,20.9,18,14,4,3,34,0.778
2020-01-06,Monday,27,44.4,23,23,0,4,34,1.0
2020-01-07,Tuesday,20,29.1,20,20,0,2,34,1.0
2020-01-08,Wednesday,35,54.9,25,25,0,1,34,1.0
2020-01-09,Thursday,21,33.8,21,21,0,4,34,1.0
2020-01-10,Friday,29,48.0,24,24,0,3,34,1.0
2020-01-11,Saturday,23,36.5,22,22,0,3,34,1.0
2020-01-12,Sunday,9,15.1,17,8,9,3,34,0.471
2020-01-13,Monday,24,34.7,23,23,0,1,34,1.0
2020-01-14,Tuesday,33,51.2,25,25,0,1,34,1.0
2020-01-15,Wednesday,20,29.0,20,20,0,4,34,1.0
2020-01-16,Thursday,16,26.0,20,17,3,4,34,0.85
2020-01-17,Friday,23,35.9,20,20,0,1,34,1.0
2020-01-18,Saturday,9,15.7,17,9,8,3,34,0.529
2020-01-19,Sunday,7,11.5,14,10,4,3,34,0.714
2020-01-20,Monday,24,37.8,21,21,0,2,34,1.0
2020-01-21,Tuesday,21,34.2,19,19,0,3,34,1.0
2020-01-22,Wednesday,35,56.9,25,25,0,4,34,1.0
2020-01-23,Thursday,35,55.2,26,26,0,4,34,1.0
2020-01-24,Friday,24,39.2,22,22,0,1,34,1.0
2020-01-25,Saturday,18,26.9,21,18,3,2,34,0.857
2020-01-26,Sunday,14,22.9,21,16,5,4,34,0.762
2020-01-27,Monday,24,39.4,22,22,0,1,34,1.0
2020-01-28,Tuesday,28,44.6,22,22,0,4,34,1.0
2020-01-29,Wednesday,20,31.2,20,19,1,2,34,0.95
2020-01-30,Thursday,18,26.3,20,20,0,3,34,1.0
2020-01-31,Friday,24,39.5,21,21,0,2,34,1.0
2020-02-01,Saturday,9,12.8,16,10,6,4,34,0.625
2020-02-02,Sunday,12,16.3,19,12,7,3,34,0.632
2020-02-03,Monday,28,44.8,25,25,0,3,34,1.0
2020-02-04,Tuesday,30,45.9,22,22,0,2,34,1.0
2020-02-05,Wednesday,24,35.9,21,21,0,1,34,1.0
2020-02-06,Thursday,33,54.0,24,24,0,4,34,1.0
2020-02-07,Friday,25,40.5,23,23,0,2,34,1.0
2020-02-08,Saturday,8,13.6,18,8,10,1,34,0.444
2020-02-09,Sunday,15,27.0,22,15,7,4,34,0.682
2020-02-10,Monday,28,45.2,23,23,0,1,34,1.0
2020-02-11,Tuesday,23,37.3,21,21,0,3,34,1.0
2020-02-12,Wednesday,28,43.8,24,24,0,2,34,1.0
2020-02-13,Thursday,15,26.9,18,15,3,4,34,0.833
2020-02-14,Friday,25,38.5,22,22,0,1,34,1.0
2020-02-15,Saturday,17,30.5,19,16,3,4,34,0.842
2020-02-16,Sunday,13,18.6,15,15,0,1,34,1.0
2020-02-17,Monday,27,42.3,23,23,0,4,34,1.0
2020-02-18,Tuesday,37,60.7,26,26,0,2,34,1.0
2020-02-19,Wednesday,22,37.2,23,22,1,1,34,0.957
2020-02-20,Thursday,23,34.4,22,22,0,2,34,1.0
2020-02-21,Friday,19,30.9,19,19,0,1,34,1.0
2020-02-22,Saturday,14,23.8,18,18,0,2,34,1.0
2020-02-23,Sunday,10,17.2,15,12,3,3,34,0.8
2020-02-24,Monday,27,44.4,22,22,0,3,34,1.0
2020-02-25,Tuesday,31,47.9,25,25,0,3,34,1.0
2020-02-26,Wednesday,28,48.0,23,23,0,4,34,1.0
2020-02-27,Thursday,11,15.4,19,14,5,2,34,0.737
2020-02-28,Friday,22,36.3,19,19,0,3,34,1.0
2020-02-29,Saturday,17,29.2,19,18,1,1,34,0.947
2020-03-01,Sunday,12,21.8,17,13,4,2,34,0.765
2020-03-02,Monday,20,34.3,22,18,4,3,34,0.818
2020-03-03,Tuesday,23,39.1,22,22,0,1,34,1.0
2020-03-04,Wednesday,17,29.9,20,16,4,2,34,0.8
2020-03-05,Thursday,22,35.0,23,21,2,1,34,0.913
2020-03-06,Friday,12,18.3,18,13,5,4,34,0.722
2020-03-07,Saturday,17,29.4,21,16,5,3,34,0.762
2020-03-08,Sunday,14,24.2,17,15,2,3,34,0.882
2020-03-09,Monday,23,38.2,20,20,0,3,34,1.0
2020-03-10,Tuesday,21,33.6,22,22,0,1,34,1.0
2020-03-11,Wednesday,17,23.7,18,16,2,1,34,0.889
2020-03-12,Thursday,27,45.5,24,24,0,2,34,1.0
2020-03-13,Friday,14,23.3,19,15,4,1,34,0.789
2020-03-14,Saturday,11,19.2,19,12,7,2,34,0.632
2020-03-15,Sunday,6,9.0,16,5,11,2,34,0.312
2020-03-16,Monday,38,60.9,26,26,0,4,34,1.0
2020-03-17,Tuesday,14,21.4,19,16,3,2,34,0.842
2020-03-18,Wednesday,17,26.7,19,19,0,1,34,1.0
2020-03-19,Thursday,14,22.8,18,14,4,4,34,0.778
2020-03-20,Friday,13,25.4,19,13,6,1,34,0.684
2020-03-21,Saturday,5,4.7,16,4,12,1,34,0.25
2020-03-22,Sunday,4,7.4,15,3,12,2,34,0.2
2020-03-23,Monday,16,29.0,19,15,4,1,34,0.789
2020-03-24,Tuesday,16,27.6,21,17,4,4,34,0.81
2020-03-25,Wednesday,15,27.0,18,17,1,2,34,0.944
2020-03-26,Thursday,18,25.9,19,18,1,4,34,0.947
2020-03-27,Friday,10,14.3,15,10,5,1,34,0.667
2020-03-28,Saturday,3,5.8,15,3,12,3,34,0.2
2020-03-29,Sunday,3,9.0,16,5,11,1,34,0.312
2020-03-30,Monday,16,25.0,20,16,4,1,34,0.8
2020-03-31,Tuesday,15,21.9,19,15,4,2,34,0.789
2020-04-01,Wednesday,18,29.1,21,18,3,4,34,0.857
2020-04-02,Thursday,18,30.1,21,17,4,2,34,0.81
2020-04-03,Friday,14,23.2,20,15,5,4,34,0.75
2020-04-04,Saturday,5,9.9,17,5,12,1,34,0.294
2020-04-05,Sunday,3,6.4,17,3,14,2,34,0.176
2020-04-06,Monday,15,23.1,19,18,1,3,34,0.947
2020-04-07,Tuesday,21,35.4,19,19,0,2,34,1.0
2020-04-08,Wednesday,13,18.9,19,11,8,3,34,0.579
2020-04-09,Thursday,24,37.6,23,23,0,3,34,1.0
2020-04-10,Friday,12,21.7,20,13,7,1,34,0.65
2020-04-11,Saturday,15,21.2,21,15,6,3,34,0.714
2020-04-12,Sunday,3,4.0,17,4,13,4,34,0.235
2020-04-13,Monday,23,36.5,22,22,0,4,34,1.0
2020-04-14,Tuesday,20,31.0,21,21,0,2,34,1.0
2020-04-15,Wednesday,14,23.0,17,15,2,2,34,0.882
2020-04-16,Thursday,13,18.7,19,12,7,4,34,0.632
2020-04-17,Friday,15,23.0,18,15,3,4,34,0.833
2020-04-18,Saturday,14,20.8,19,12,7,4,34,0.632
2020-04-19,Sunday,5,10.7,16,5,11,4,34,0.312
2020-04-20,Monday,13,20.2,19,13,6,2,34,0.684
2020-04-21,Tuesday,17,29.8,20,16,4,1,34,0.8
2020-04-22,Wednesday,19,26.3,21,21,0,1,34,1.0
2020-04-23,Thursday,15,24.2,16,16,0,2,34,1.0
2020-04-24,Friday,11,19.6,18,12,6,4,34,0.667
2020-04-25,Saturday,8,13.6,18,8,10,2,34,0.444
2020-04-26,Sunday,8,13.8,19,9,10,2,34,0.474
2020-04-27,Monday,18,26.9,21,19,2,4,34,0.905
2020-04-28,Tuesday,17,26.9,22,16,6,1,34,0.727
2020-04-29,Wednesday,15,25.4,19,15,4,3,34,0.789
2020-04-30,Thursday,12,20.2,18,12,6,3,34,0.667
2020-05-01,Friday,10,18.3,18,11,7,4,34,0.611
2020-05-02,Saturday,10,16.6,17,11,6,2,34,0.647
2020-05-03,Sunday,9,16.0,16,10,6,3,34,0.625
2020-05-04,Monday,30,50.6,23,23,0,4,34,1.0
2020-05-05,Tuesday,16,27.4,18,18,0,4,34,1.0
2020-05-06,Wednesday,17,26.8,20,18,2,3,34,0.9
2020-05-07,Thursday,24,38.9,22,22,0,3,34,1.0
2020-05-08,Friday,10,17.6,17,10,7,4,34,0.588
2020-05-09,Saturday,10,17.6,17,11,6,4,34,0.647
2020-05-10,Sunday,11,17.2,18,16,2,3,34,0.889
2020-05-11,Monday,19,30.2,21,20,1,2,34,0.952
2020-05-12,Tuesday,15,22.1,18,16,2,3,34,0.889
2020-05-13,Wednesday,17,28.5,18,16,2,1,34,0.889
2020-05-14,Thursday,12,20.2,19,15,4,3,34,0.789
2020-05-15,Friday,18,29.8,18,17,1,2,34,0.944
2020-05-16,Saturday,7,11.1,17,8,9,4,34,0.471
2020-05-17,Sunday,4,8.7,17,3,14,3,34,0.176
2020-05-18,Monday,16,28.2,21,17,4,4,34,0.81
2020-05-19,Tuesday,25,40.1,23,23,0,4,34,1.0
2020-05-20,Wednesday,13,19.3,19,16,3,4,34,0.842
2020-05-21,Thursday,12,15.6,21,12,9,1,34,0.571
2020-05-22,Friday,14,20.3,16,13,3,4,34,0.812
2020-05-23,Saturday,9,15.8,16,11,5,2,34,0.688
2020-05-24,Sunday,5,6.3,17,4,13,3,34,0.235
2020-05-25,Monday,18,29.8,20,19,1,2,34,0.95
2020-05-26,Tuesday,20,30.2,22,22,0,2,34,1.0
2020-05-27,Wednesday,10,13.6,17,11,6,4,34,0.647
2020-05-28,Thursday,19,31.3,20,17,3,4,34,0.85
2020-05-29,Friday,12,19.0,18,14,4,3,34,0.778
2020-05-30,Saturday,6,8.5,15,6,9,1,34,0.4
2020-05-31,Sunday,15,25.1,18,15,3,1,34,0.833
2020-06-01,Monday,20,35.1,21,21,0,1,34,1.0
2020-06-02,Tuesday,18,27.7,19,16,3,4,34,0.842
2020-06-03,Wednesday,14,22.3,20,15,5,2,34,0.75
2020-06-04,Thursday,22,34.3,22,21,1,1,34,0.955
2020-06-05,Friday,16,26.5,21,16,5,3,34,0.762
2020-06-06,Saturday,9,14.7,16,10,6,4,34,0.625
2020-06-07,Sunday,5,7.2,14,7,7,3,34,0.5
2020-06-08,Monday,20,35.5,21,20,1,2,34,0.952
2020-06-09,Tuesday,22,32.5,25,25,0,1,34,1.0
2020-06-10,Wednesday,15,24.2,21,17,4,4,34,0.81
2020-06-11,Thursday,14,23.6,18,14,4,1,34,0.778
2020-06-12,Friday,12,18.5,19,11,8,4,34,0.579
2020-06-13,Saturday,15,24.9,20,14,6,1,34,0.7
2020-06-14,Sunday,9,15.1,15,10,5,1,34,0.667
2020-06-15,Monday,18,30.9,22,18,4,2,34,0.818
2020-06-16,Tuesday,14,24.5,18,16,2,1,34,0.889
2020-06-17,Wednesday,19,30.2,20,19,1,1,34,0.95
2020-06-18,Thursday,20,33.8,21,20,1,1,34,0.952
2020-06-19,Friday,12,22.1,19,13,6,3,34,0.684
2020-06-20,Saturday,4,7.0,14,3,11,4,34,0.214
2020-06-21,Sunday,7,10.6,14,7,7,1,34,0.5
2020-06-22,Monday,19,29.5,21,21,0,3,34,1.0
2020-06-23,Tuesday,18,30.2,18,18,0,2,34,1.0
2020-06-24,Wednesday,19,29.1,20,20,0,2,34,1.0
2020-06-25,Thursday,19,29.6,22,20,2,2,34,0.909
2020-06-26,Friday,15,24.5,20,13,7,4,34,0.65
2020-06-27,Saturday,12,17.8,19,13,6,3,34,0.684
2020-06-28,Sunday,8,12.8,17,9,8,3,34,0.529
2020-06-29,Monday,23,38.5,25,25,0,4,34,1.0
2020-06-30,Tuesday,15,22.1,18,17,1,3,34,0.944
2020-07-01,Wednesday,14,23.1,19,14,5,1,34,0.737
2020-07-02,Thursday,12,20.4,17,14,3,1,34,0.824
2020-07-03,Friday,14,24.7,20,14,6,2,34,0.7
2020-07-04,Saturday,5,8.2,16,6,10,1,34,0.375
2020-07-05,Sunday,6,9.5,18,6,12,3,34,0.333
2020-07-06,Monday,18,28.3,19,19,0,2,34,1.0
2020-07-07,Tuesday,13,19.3,20,13,7,1,34,0.65
2020-07-08,Wednesday,14,24.7,19,17,2,2,34,0.895
2020-07-09,Thursday,22,35.7,21,21,0,4,34,1.0
2020-07-10,Friday,12,19.3,19,14,5,4,34,0.737
2020-07-11,Saturday,9,14.5,17,12,5,4,34,0.706
2020-07-12,Sunday,7,10.7,17,5,12,4,34,0.294
2020-07-13,Monday,14,21.5,18,13,5,3,34,0.722
2020-07-14,Tuesday,21,33.3,20,20,0,4,34,1.0
2020-07-15,Wednesday,15,22.6,19,16,3,4,34,0.842
2020-07-16,Thursday,16,25.3,17,17,0,3,34,1.0
2020-07-17,Friday,18,28.1,21,16,5,2,34,0.762
2020-07-18,Saturday,10,15.7,16,12,4,4,34,0.75
2020-07-19,Sunday,6,7.0,16,10,6,2,34,0.625
2020-07-20,Monday,23,39.0,22,22,0,1,34,1.0
2020-07-21,Tuesday,24,38.6,23,23,0,1,34,1.0
2020-07-22,Wednesday,16,24.9,17,17,0,3,34,1.0
2020-07-23,Thursday,11,16.9,18,10,8,1,34,0.556
2020-07-24,Friday,15,26.7,20,16,4,1,34,0.8
2020-07-25,Saturday,3,3.9,15,6,9,1,34,0.4
2020-07-26,Sunday,4,8.5,17,4,13,3,34,0.235
2020-07-27,Monday,24,37.4,21,21,0,2,34,1.0
2020-07-28,Tuesday,9,15.5,15,11,4,3,34,0.733
2020-07-29,Wednesday,9,15.5,18,11,7,3,34,0.611
2020-07-30,Thursday,12,21.6,17,11,6,4,34,0.647
2020-07-31,Friday,15,24.5,17,15,2,1,34,0.882
2020-08-01,Saturday,5,7.5,15,4,11,2,34,0.267
2020-08-02,Sunday,4,8.6,17,4,13,3,34,0.235
2020-08-03,Monday,14,23.8,17,16,1,2,34,0.941
2020-08-04,Tuesday,12,16.1,21,11,10,1,34,0.524
2020-08-05,Wednesday,17,30.0,19,19,0,1,34,1.0
2020-08-06,Thursday,13,19.4,18,14,4,2,34,0.778
2020-08-07,Friday,10,17.2,16,14,2,2,34,0.875
2020-08-08,Saturday,7,11.3,16,8,8,1,34,0.5
2020-08-09,Sunday,3,-0.5,15,3,12,2,34,0.2
2020-08-10,Monday,11,20.5,16,12,4,3,34,0.75
2020-08-11,Tuesday,15,25.8,22,15,7,4,34,0.682
2020-08-12,Wednesday,18,28.2,19,16,3,3,34,0.842
2020-08-13,Thursday,19,34.6,20,20,0,1,34,1.0
2020-08-14,Friday,13,20.5,19,13,6,3,34,0.684
2020-08-15,Saturday,5,7.7,18,3,15,1,34,0.167
2020-08-16,Sunday,4,5.7,17,4,13,1,34,0.235
2020-08-17,Monday,17,28.4,18,15,3,3,34,0.833
2020-08-18,Tuesday,20,33.0,21,20,1,2,34,0.952
2020-08-19,Wednesday,11,17.5,15,12,3,2,34,0.8
2020-08-20,Thursday,22,34.6,22,22,0,4,34,1.0
2020-08-21,Friday,15,25.6,17,15,2,1,34,0.882
2020-08-22,Saturday,7,10.1,15,7,8,1,34,0.467
2020-08-23,Sunday,7,12.3,16,6,10,3,34,0.375
2020-08-24,Monday,15,24.5,20,16,4,2,34,0.8
2020-08-25,Tuesday,14,18.6,18,15,3,4,34,0.833
2020-08-26,Wednesday,17,27.4,21,16,5,1,34,0.762
2020-08-27,Thursday,13,19.2,19,14,5,2,34,0.737
2020-08-28,Friday,17,27.6,20,18,2,1,34,0.9
2020-08-29,Saturday,9,15.1,16,9,7,1,34,0.562
2020-08-30,Sunday,6,11.9,18,10,8,2,34,0.556
2020-08-31,Monday,20,32.6,20,20,0,3,34,1.0
2020-09-01,Tuesday,16,26.3,21,16,5,1,34,0.762
2020-09-02,Wednesday,18,27.7,22,18,4,4,34,0.818
2020-09-03,Thursday,22,34.5,22,22,0,3,34,1.0
2020-09-04,Friday,18,30.9,21,20,1,2,34,0.952
2020-09-05,Saturday,12,18.1,14,12,2,4,34,0.857
2020-09-06,Sunday,4,5.5,15,3,12,2,34,0.2
2020-09-07,Monday,16,25.4,21,16,5,1,34,0.762
2020-09-08,Tuesday,27,46.2,24,24,0,4,34,1.0
2020-09-09,Wednesday,16,24.4,18,14,4,1,34,0.778
2020-09-10,Thursday,20,35.7,20,20,0,4,34,1.0
2020-09-11,Friday,15,26.8,16,16,0,4,34,1.0
2020-09-12,Saturday,13,23.1,19,14,5,4,34,0.737
2020-09-13,Sunday,15,23.2,17,17,0,2,34,1.0
2020-09-14,Monday,26,41.3,24,24,0,3,34,1.0
2020-09-15,Tuesday,30,47.4,25,25,0,4,34,1.0
2020-09-16,Wednesday,17,28.9,19,19,0,1,34,1.0
2020-09-17,Thursday,23,37.0,22,22,0,2,34,1.0
2020-09-18,Friday,22,35.4,21,21,0,2,34,1.0
2020-09-19,Saturday,13,20.1,19,14,5,3,34,0.737
2020-09-20,Sunday,8,14.1,15,11,4,3,34,0.733
2020-09-21,Monday,30,48.2,25,25,0,4,34,1.0
2020-09-22,Tuesday,22,33.1,19,19,0,2,34,1.0
2020-09-23,Wednesday,23,36.9,19,19,0,1,34,1.0
2020-09-24,Thursday,18,27.4,20,18,2,1,34,0.9
2020-09-25,Friday,18,26.3,20,20,0,4,34,1.0
2020-09-26,Saturday,12,15.6,18,13,5,2,34,0.722
2020-09-27,Sunday,9,12.0,16,9,7,3,34,0.562
2020-09-28,Monday,23,39.5,24,24,0,3,34,1.0
2020-09-29,Tuesday,21,31.6,21,20,1,4,34,0.952
2020-09-30,Wednesday,16,26.7,20,17,3,1,34,0.85
2020-10-01,Thursday,18,32.5,20,18,2,1,34,0.9
2020-10-02,Friday,19,28.5,22,22,0,3,34,1.0
2020-10-03,Saturday,17,26.9,20,18,2,2,34,0.9
2020-10-04,Sunday,9,17.8,18,9,9,4,34,0.5
2020-10-05,Monday,23,39.0,23,22,1,1,34,0.957
2020-10-06,Tuesday,28,47.5,21,21,0,2,34,1.0
2020-10-07,Wednesday,22,34.4,19,19,0,4,34,1.0
2020-10-08,Thursday,19,32.1,20,19,1,4,34,0.95
2020-10-09,Friday,22,34.2,21,21,0,1,34,1.0
2020-10-10,Saturday,14,21.4,19,16,3,4,34,0.842
2020-10-11,Sunday,12,23.1,18,14,4,1,34,0.778
2020-10-12,Monday,31,51.0,25,25,0,1,34,1.0
2020-10-13,Tuesday,15,26.7,18,16,2,4,34,0.889
2020-10-14,Wednesday,12,16.7,18,13,5,1,34,0.722
2020-10-15,Thursday,20,30.9,19,19,0,2,34,1.0
2020-10-16,Friday,15,21.4,19,16,3,1,34,0.842
2020-10-17,Saturday,8,12.6,14,10,4,3,34,0.714
2020-10-18,Sunday,7,14.6,17,7,10,1,34,0.412
2020-10-19,Monday,16,25.2,18,16,2,2,34,0.889
2020-10-20,Tuesday,17,27.6,19,18,1,2,34,0.947
2020-10-21,Wednesday,19,31.4,21,21,0,3,34,1.0
2020-10-22,Thursday,22,35.4,22,20,2,2,34,0.909
2020-10-23,Friday,17,27.2,18,15,3,1,34,0.833
2020-10-24,Saturday,13,19.9,18,15,3,2,34,0.833
2020-10-25,Sunday,12,18.9,16,15,1,2,34,0.938
2020-10-26,Monday,18,29.1,18,17,1,2,34,0.944
2020-10-27,Tuesday,20,32.8,21,21,0,3,34,1.0
2020-10-28,Wednesday,16,28.1,20,16,4,2,34,0.8
2020-10-29,Thursday,20,30.9,21,21,0,2,34,1.0
2020-10-30,Friday,19,31.9,21,20,1,4,34,0.952
2020-10-31,Saturday,24,38.0,22,22,0,2,34,1.0
2020-11-01,Sunday,12,19.5,18,11,7,2,34,0.611
2020-11-02,Monday,14,20.9,17,14,3,1,34,0.824
2020-11-03,Tuesday,20,32.0,20,20,0,3,34,1.0
2020-11-04,Wednesday,20,32.0,19,19,0,3,34,1.0
2020-11-05,Thursday,19,31.3,19,19,0,3,34,1.0
2020-11-06,Friday,21,31.5,21,21,0,1,34,1.0
2020-11-07,Saturday,16,23.9,19,16,3,2,34,0.842
2020-11-08,Sunday,7,13.2,20,8,12,2,34,0.4
2020-11-09,Monday,21,31.9,19,19,0,4,34,1.0
2020-11-10,Tuesday,17,27.1,20,19,1,2,34,0.95
2020-11-11,Wednesday,25,38.7,21,21,0,2,34,1.0
2020-11-12,Thursday,29,46.5,23,23,0,2,34,1.0
2020-11-13,Friday,15,24.0,19,15,4,4,34,0.789
2020-11-14,Saturday,14,23.1,20,15,5,3,34,0.75
2020-11-15,Sunday,9,12.7,16,8,8,4,34,0.5
2020-11-16,Monday,18,27.1,20,17,3,2,34,0.85
2020-11-17,Tuesday,21,36.4,20,20,0,4,34,1.0
2020-11-18,Wednesday,17,30.0,18,17,1,4,34,0.944
2020-11-19,Thursday,20,30.0,20,19,1,3,34,0.95
2020-11-20,Friday,24,39.1,22,22,0,3,34,1.0
2020-11-21,Saturday,18,26.3,20,18,2,4,34,0.9
2020-11-22,Sunday,5,7.2,16,7,9,4,34,0.438
2020-11-23,Monday,14,24.4,18,15,3,2,34,0.833
2020-11-24,Tuesday,27,42.3,23,23,0,3,34,1.0
2020-11-25,Wednesday,19,32.6,18,18,0,2,34,1.0
2020-11-26,Thursday,19,27.2,21,16,5,1,34,0.762
2020-11-27,Friday,18,30.5,19,17,2,2,34,0.895
2020-11-28,Saturday,12,19.5,19,12,7,4,34,0.632
2020-11-29,Sunday,16,26.3,21,17,4,4,34,0.81
2020-11-30,Monday,23,35.1,21,21,0,4,34,1.0
2020-12-01,Tuesday,14,19.8,17,15,2,4,34,0.882
2020-12-02,Wednesday,22,34.4,21,21,0,3,34,1.0
2020-12-03,Thursday,19,35.6,21,20,1,4,34,0.952
2020-12-04,Friday,17,26.2,19,18,1,1,34,0.947
2020-12-05,Saturday,4,4.9,15,5,10,2,34,0.333
2020-12-06,Sunday,5,7.3,16,7,9,1,34,0.438
2020-12-07,Monday,18,28.9,21,20,1,4,34,0.952
2020-12-08,Tuesday,9,13.8,17,11,6,3,34,0.647
2020-12-09,Wednesday,19,30.5,18,18,0,4,34,1.0
2020-12-10,Thursday,9,14.6,18,14,4,2,34,0.778
2020-12-11,Friday,10,17.2,16,9,7,2,34,0.562
2020-12-12,Saturday,8,12.6,17,8,9,3,34,0.471
2020-12-13,Sunday,8,13.1,17,10,7,3,34,0.588
2020-12-14,Monday,12,16.4,16,14,2,2,34,0.875
2020-12-15,Tuesday,18,28.1,20,20,0,2,34,1.0
2020-12-16,Wednesday,14,21.4,19,16,3,3,34,0.842
2020-12-17,Thursday,9,13.2,18,6,12,1,34,0.333
2020-12-18,Friday,9,15.0,17,12,5,1,34,0.706
2020-12-19,Saturday,4,5.4,13,4,9,1,34,0.308
2020-12-20,Sunday,6,7.8,18,8,10,1,34,0.444
2020-12-21,Monday,13,23.3,19,11,8,2,34,0.579
2020-12-22,Tuesday,18,28.3,19,19,0,2,34,1.0
2020-12-23,Wednesday,18,30.1,19,18,1,2,34,0.947
2020-12-24,Thursday,16,24.7,20,18,2,5,34,0.9
2020-12-25,Friday,12,17.7,19,13,6,2,34,0.684
2020-12-26,Saturday,6,7.1,15,7,8,4,34,0.467
2020-12-27,Sunday,6,12.6,17,5,12,2,34,0.294
2020-12-28,Monday,13,22.0,16,14,2,5,34,0.875
2020-12-29,Tuesday,21,32.3,20,20,0,2,34,1.0
2020-12-30,Wednesday,15,27.8,17,16,1,4,34,0.941
2020-12-31,Thursday,10,12.9,16,12,4,4,34,0.75
2021-01-01,Friday,13,21.1,20,14,6,4,34,0.7
2021-01-02,Saturday,10,13.6,20,9,11,3,34,0.45
2021-01-03,Sunday,6,7.5,16,6,10,3,34,0.375
2021-01-04,Monday,23,31.6,21,21,0,4,34,1.0
2021-01-05,Tuesday,26,41.4,22,22,0,4,34,1.0
2021-01-06,Wednesday,16,26.3,20,12,8,2,34,0.6
2021-01-07,Thursday,12,20.8,16,13,3,4,34,0.812
2021-01-08,Friday,15,24.9,18,17,1,4,34,0.944
2021-01-09,Saturday,11,17.8,19,11,8,3,34,0.579
2021-01-10,Sunday,10,18.1,16,10,6,4,34,0.625
2021-01-11,Monday,21,35.6,20,20,0,1,34,1.0
2021-01-12,Tuesday,35,54.7,26,26,0,3,34,1.0
2021-01-13,Wednesday,14,23.7,19,13,6,3,34,0.684
2021-01-14,Thursday,15,25.3,18,18,0,4,34,1.0
2021-01-15,Friday,19,28.6,20,20,0,1,34,1.0
2021-01-16,Saturday,8,13.1,17,7,10,4,34,0.412
2021-01-17,Sunday,11,15.1,20,13,7,1,34,0.65
2021-01-18,Monday,15,23.4,19,13,6,2,34,0.684
2021-01-19,Tuesday,19,31.5,20,19,1,3,34,0.95
2021-01-20,Wednesday,19,31.9,22,19,3,2,34,0.864
2021-01-21,Thursday,22,33.7,21,21,0,4,34,1.0
2021-01-22,Friday,16,25.9,18,16,2,4,34,0.889
2021-01-23,Saturday,11,19.5,18,8,10,1,34,0.444
2021-01-24,Sunday,9,14.0,18,9,9,2,34,0.5
2021-01-25,Monday,19,29.9,21,21,0,1,34,1.0
2021-01-26,Tuesday,18,31.2,20,20,0,3,34,1.0
2021-01-27,Wednesday,15,25.2,17,17,0,4,34,1.0
2021-01-28,Thursday,17,27.7,20,20,0,3,34,1.0
2021-01-29,Friday,18,25.7,21,19,2,1,34,0.905
2021-01-30,Saturday,13,21.3,17,12,5,1,34,0.706
2021-01-31,Sunday,10,15.5,17,13,4,1,34,0.765
2021-02-01,Monday,11,16.0,17,11,6,2,34,0.647
2021-02-02,Tuesday,19,30.5,19,19,0,3,34,1.0
2021-02-03,Wednesday,22,37.4,22,22,0,1,34,1.0
2021-02-04,Thursday,10,19.8,18,9,9,4,34,0.5
2021-02-05,Friday,14,23.7,19,14,5,2,34,0.737
2021-02-06,Saturday,9,12.6,16,9,7,3,34,0.562
2021-02-07,Sunday,8,12.2,15,9,6,3,34,0.6
2021-02-08,Monday,20,31.3,21,20,1,3,34,0.952
2021-02-09,Tuesday,13,19.3,18,12,6,2,34,0.667
2021-02-10,Wednesday,11,18.9,20,9,11,2,34,0.45
2021-02-11,Thursday,22,34.5,24,23,1,2,34,0.958
2021-02-12,Friday,24,36.0,24,24,0,1,34,1.0
2021-02-13,Saturday,16,25.9,18,16,2,2,34,0.889
2021-02-14,Sunday,9,17.5,18,9,9,4,34,0.5
2021-02-15,Monday,24,39.2,23,23,0,4,34,1.0
2021-02-16,Tuesday,18,27.8,21,21,0,4,34,1.0
2021-02-17,Wednesday,15,27.1,19,15,4,2,34,0.789
2021-02-18,Thursday,15,23.9,21,16,5,2,34,0.762
2021-02-19,Friday,17,27.5,20,19,1,1,34,0.95
2021-02-20,Saturday,9,14.8,17,8,9,2,34,0.471
2021-02-21,Sunday,11,20.8,16,12,4,3,34,0.75
2021-02-22,Monday,18,28.7,21,19,2,2,34,0.905
2021-02-23,Tuesday,20,31.0,20,19,1,3,34,0.95
2021-02-24,Wednesday,16,27.6,20,17,3,1,34,0.85
2021-02-25,Thursday,9,17.4,17,9,8,2,34,0.529
2021-02-26,Friday,19,30.3,21,21,0,2,34,1.0
2021-02-27,Saturday,8,12.1,17,7,10,2,34,0.412
2021-02-28,Sunday,3,5.6,16,3,13,1,34,0.188
2021-03-01,Monday,25,35.9,22,22,0,2,34,1.0
2021-03-02,Tuesday,14,21.7,17,17,0,4,34,1.0
2021-03-03,Wednesday,10,13.7,18,12,6,4,34,0.667
2021-03-04,Thursday,13,18.0,17,12,5,2,34,0.706
2021-03-05,Friday,18,26.3,18,18,0,2,34,1.0
2021-03-06,Saturday,7,11.1,15,7,8,3,34,0.467
2021-03-07,Sunday,5,6.6,16,6,10,2,34,0.375
2021-03-08,Monday,20,29.7,21,20,1,3,34,0.952
2021-03-09,Tuesday,11,17.6,15,9,6,2,34,0.6
2021-03-10,Wednesday,23,36.4,21,21,0,4,34,1.0
2021-03-11,Thursday,17,28.0,21,19,2,3,34,0.905
2021-03-12,Friday,10,16.8,17,11,6,4,34,0.647
2021-03-13,Saturday,12,18.6,18,13,5,4,34,0.722
2021-03-14,Sunday,4,7.6,17,5,12,2,34,0.294
2021-03-15,Monday,11,16.5,19,12,7,2,34,0.632
2021-03-16,Tuesday,12,18.5,19,13,6,1,34,0.684
2021-03-17,Wednesday,19,30.6,17,17,0,3,34,1.0
2021-03-18,Thursday,15,25.3,21,16,5,3,34,0.762
2021-03-19,Friday,14,21.8,19,17,2,2,34,0.895
2021-03-20,Saturday,7,8.6,19,8,11,1,34,0.421
2021-03-21,Sunday,3,6.8,14,3,11,4,34,0.214
2021-03-22,Monday,19,29.0,18,18,0,1,34,1.0
2021-03-23,Tuesday,15,25.1,19,15,4,3,34,0.789
2021-03-24,Wednesday,13,19.1,18,13,5,1,34,0.722
2021-03-25,Thursday,20,28.2,21,21,0,1,34,1.0
2021-03-26,Friday,15,23.3,20,15,5,4,34,0.75
2021-03-27,Saturday,5,9.5,16,5,11,3,34,0.312
2021-03-28,Sunday,3,2.6,15,3,12,1,34,0.2
2021-03-29,Monday,17,26.7,20,18,2,1,34,0.9
2021-03-30,Tuesday,22,36.5,21,21,0,2,34,1.0
2021-03-31,Wednesday,11,18.4,17,11,6,3,34,0.647
2021-04-01,Thursday,12,25.5,19,10,9,2,34,0.526
2021-04-02,Friday,19,31.6,22,21,1,4,34,0.955
2021-04-03,Saturday,9,14.8,18,10,8,3,34,0.556
2021-04-04,Sunday,6,9.0,16,5,11,3,34,0.312
2021-04-05,Monday,17,26.1,17,17,0,2,34,1.0
2021-04-06,Tuesday,10,16.1,17,8,9,3,34,0.471
2021-04-07,Wednesday,8,13.9,16,10,6,4,34,0.625
2021-04-08,Thursday,16,22.7,19,17,2,1,34,0.895
2021-04-09,Friday,18,28.1,19,15,4,3,34,0.789
2021-04-10,Saturday,4,4.3,15,4,11,4,34,0.267
2021-04-11,Sunday,4,4.5,14,4,10,2,34,0.286
2021-04-12,Monday,18,31.1,18,18,0,4,34,1.0
2021-04-13,Tuesday,20,32.5,22,20,2,2,34,0.909
2021-04-14,Wednesday,11,19.7,17,11,6,1,34,0.647
2021-04-15,Thursday,14,24.2,19,14,5,4,34,0.737
2021-04-16,Friday,16,24.4,20,14,6,2,34,0.7
2021-04-17,Saturday,8,12.3,18,10,8,4,34,0.556
2021-04-18,Sunday,6,11.6,17,6,11,2,34,0.353
2021-04-19,Monday,21,31.7,21,21,0,2,34,1.0
2021-04-20,Tuesday,16,25.9,20,15,5,3,34,0.75
2021-04-21,Wednesday,14,21.3,20,16,4,2,34,0.8
2021-04-22,Thursday,20,30.8,21,19,2,4,34,0.905
2021-04-23,Friday,11,17.9,15,12,3,1,34,0.8
2021-04-24,Saturday,4,6.3,15,3,12,1,34,0.2
2021-04-25,Sunday,4,5.3,16,3,13,1,34,0.188
2021-04-26,Monday,17,27.7,19,16,3,2,34,0.842
2021-04-27,Tuesday,14,24.6,21,14,7,1,34,0.667
2021-04-28,Wednesday,17,23.6,20,18,2,2,34,0.9
2021-04-29,Thursday,17,25.6,20,18,2,1,34,0.9
2021-04-30,Friday,8,11.2,18,7,11,4,34,0.389
2021-05-01,Saturday,9,16.0,17,9,8,1,34,0.529
2021-05-02,Sunday,6,10.2,16,8,8,4,34,0.5
2021-05-03,Monday,23,36.5,23,22,1,4,34,0.957
2021-05-04,Tuesday,19,27.7,19,19,0,3,34,1.0
2021-05-05,Wednesday,13,23.8,18,12,6,4,34,0.667
2021-05-06,Thursday,15,22.2,20,14,6,4,34,0.7
2021-05-07,Friday,10,13.8,17,11,6,4,34,0.647
2021-05-08,Saturday,11,12.5,19,11,8,3,34,0.579
2021-05-09,Sunday,8,11.4,15,7,8,3,34,0.467
2021-05-10,Monday,26,40.8,21,21,0,2,34,1.0
2021-05-11,Tuesday,20,31.3,22,22,0,3,34,1.0
2021-05-12,Wednesday,11,18.6,19,9,10,2,34,0.474
2021-05-13,Thursday,12,19.7,18,10,8,1,34,0.556
2021-05-14,Friday,15,24.8,19,17,2,4,34,0.895
2021-05-15,Saturday,12,17.3,19,12,7,3,34,0.632
2021-05-16,Sunday,9,15.9,16,12,4,3,34,0.75
2021-05-17,Monday,18,29.0,19,19,0,2,34,1.0
2021-05-18,Tuesday,21,33.1,21,21,0,4,34,1.0
2021-05-19,Wednesday,22,33.0,22,22,0,3,34,1.0
2021-05-20,Thursday,16,26.0,18,18,0,1,34,1.0
2021-05-21,Friday,16,26.9,19,15,4,4,34,0.789
2021-05-22,Saturday,10,17.4,17,12,5,4,34,0.706
2021-05-23,Sunday,5,7.3,16,6,10,4,34,0.375
2021-05-24,Monday,17,28.5,20,17,3,2,34,0.85
2021-05-25,Tuesday,21,29.8,20,20,0,1,34,1.0
2021-05-26,Wednesday,9,14.0,18,13,5,1,34,0.722
2021-05-27,Thursday,21,36.0,20,20,0,3,34,1.0
2021-05-28,Friday,14,22.7,18,16,2,4,34,0.889
2021-05-29,Saturday,9,12.7,15,9,6,1,34,0.6
2021-05-30,Sunday,3,1.5,14,3,11,3,34,0.214
2021-05-31,Monday,25,38.7,23,23,0,1,34,1.0
2021-06-01,Tuesday,17,26.6,20,18,2,4,34,0.9
2021-06-02,Wednesday,13,21.6,19,14,5,1,34,0.737
2021-06-03,Thursday,16,26.4,20,19,1,4,34,0.95
2021-06-04,Friday,16,26.7,22,14,8,1,34,0.636
2021-06-05,Saturday,9,14.8,16,9,7,2,34,0.562
2021-06-06,Sunday,7,12.2,14,9,5,3,34,0.643
2021-06-07,Monday,19,32.4,19,19,0,4,34,1.0
2021-06-08,Tuesday,21,34.5,20,20,0,2,34,1.0
2021-06-09,Wednesday,18,29.3,19,18,1,4,34,0.947
2021-06-10,Thursday,14,22.4,19,13,6,1,34,0.684
2021-06-11,Friday,3,5.3,17,3,14,2,34,0.176
2021-06-12,Saturday,9,14.4,19,9,10,4,34,0.474
2021-06-13,Sunday,6,9.0,17,5,12,2,34,0.294
2021-06-14,Monday,16,30.8,22,17,5,3,34,0.773
2021-06-15,Tuesday,20,30.8,20,20,0,2,34,1.0
2021-06-16,Wednesday,21,33.2,19,19,0,2,34,1.0
2021-06-17,Thursday,17,25.6,21,17,4,4,34,0.81
2021-06-18,Friday,16,29.5,17,17,0,3,34,1.0
2021-06-19,Saturday,8,13.5,16,8,8,3,34,0.5
2021-06-20,Sunday,8,15.1,17,7,10,3,34,0.412
2021-06-21,Monday,18,32.6,20,19,1,4,34,0.95
2021-06-22,Tuesday,14,23.3,18,16,2,2,34,0.889
2021-06-23,Wednesday,16,27.0,18,17,1,4,34,0.944
2021-06-24,Thursday,24,41.0,22,22,0,3,34,1.0
2021-06-25,Friday,19,29.9,22,20,2,4,34,0.909
2021-06-26,Saturday,14,21.8,19,12,7,4,34,0.632
2021-06-27,Sunday,7,11.7,15,7,8,1,34,0.467
2021-06-28,Monday,21,33.1,20,20,0,2,34,1.0
2021-06-29,Tuesday,27,42.1,22,22,0,2,34,1.0
2021-06-30,Wednesday,24,38.0,22,22,0,2,34,1.0
2021-07-01,Thursday,17,27.9,20,17,3,2,34,0.85
2021-07-02,Friday,13,21.2,17,15,2,1,34,0.882
2021-07-03,Saturday,5,6.6,13,7,6,4,34,0.538
2021-07-04,Sunday,5,7.2,16,4,12,4,34,0.25
2021-07-05,Monday,18,28.2,19,18,1,3,34,0.947
2021-07-06,Tuesday,17,24.9,20,17,3,2,34,0.85
2021-07-07,Wednesday,20,32.2,20,20,0,4,34,1.0
2021-07-08,Thursday,15,22.5,18,16,2,2,34,0.889
2021-07-09,Friday,20,34.9,21,21,0,2,34,1.0
2021-07-10,Saturday,8,13.2,19,9,10,4,34,0.474
2021-07-11,Sunday,3,5.4,16,3,13,4,34,0.188
2021-07-12,Monday,16,26.8,19,19,0,3,34,1.0
2021-07-13,Tuesday,16,23.8,20,17,3,1,34,0.85
2021-07-14,Wednesday,10,16.5,15,9,6,1,34,0.6
2021-07-15,Thursday,16,25.0,18,16,2,4,34,0.889
2021-07-16,Friday,11,18.4,15,13,2,2,34,0.867
2021-07-17,Saturday,5,7.8,18,5,13,3,34,0.278
2021-07-18,Sunday,3,3.9,17,5,12,2,34,0.294
2021-07-19,Monday,18,26.5,20,18,2,2,34,0.9
2021-07-20,Tuesday,15,20.2,19,15,4,4,34,0.789
2021-07-21,Wednesday,17,29.2,18,18,0,3,34,1.0
2021-07-22,Thursday,19,29.7,20,19,1,2,34,0.95
2021-07-23,Friday,13,21.1,20,15,5,2,34,0.75
2021-07-24,Saturday,11,17.6,18,12,6,1,34,0.667
2021-07-25,Sunday,3,0.4,14,3,11,3,34,0.214
2021-07-26,Monday,26,40.2,21,21,0,3,34,1.0
2021-07-27,Tuesday,9,15.3,19,9,10,1,34,0.474
2021-07-28,Wednesday,21,35.3,21,21,0,2,34,1.0
2021-07-29,Thursday,13,20.7,16,16,0,3,34,1.0
2021-07-30,Friday,4,4.4,14,4,10,1,34,0.286
2021-07-31,Saturday,3,6.3,13,4,9,4,34,0.308
2021-08-01,Sunday,3,7.2,15,3,12,4,34,0.2
2021-08-02,Monday,14,22.8,19,15,4,3,34,0.789
2021-08-03,Tuesday,24,37.7,21,21,0,1,34,1.0
2021-08-04,Wednesday,14,20.5,20,13,7,3,34,0.65
2021-08-05,Thursday,15,23.9,19,16,3,4,34,0.842
2021-08-06,Friday,8,13.9,18,8,10,1,34,0.444
2021-08-07,Saturday,5,6.7,15,4,11,4,34,0.267
2021-08-08,Sunday,4,7.1,19,6,13,4,34,0.316
2021-08-09,Monday,18,27.6,19,19,0,1,34,1.0
2021-08-10,Tuesday,14,21.9,18,14,4,1,34,0.778
2021-08-11,Wednesday,16,29.1,18,18,0,3,34,1.0
2021-08-12,Thursday,13,18.4,18,11,7,4,34,0.611
2021-08-13,Friday,15,24.6,17,17,0,4,34,1.0
2021-08-14,Saturday,4,6.6,16,3,13,3,34,0.188
2021-08-15,Sunday,11,17.5,15,12,3,3,34,0.8
2021-08-16,Monday,16,26.3,20,16,4,3,34,0.8
2021-08-17,Tuesday,11,18.3,16,10,6,3,34,0.625
2021-08-18,Wednesday,16,25.7,19,19,0,4,34,1.0
2021-08-19,Thursday,15,23.2,20,19,1,1,34,0.95
2021-08-20,Friday,12,20.3,21,12,9,1,34,0.571
2021-08-21,Saturday,8,11.4,15,9,6,1,34,0.6
2021-08-22,Sunday,3,4.7,15,3,12,4,34,0.2
2021-08-23,Monday,15,24.7,18,18,0,3,34,1.0
2021-08-24,Tuesday,14,20.6,18,12,6,1,34,0.667
2021-08-25,Wednesday,12,19.4,17,13,4,1,34,0.765
2021-08-26,Thursday,16,23.4,20,16,4,2,34,0.8
2021-08-27,Friday,12,19.8,17,9,8,1,34,0.529
2021-08-28,Saturday,6,9.2,19,6,13,3,34,0.316
2021-08-29,Sunday,4,7.9,16,7,9,2,34,0.438
2021-08-30,Monday,16,25.2,18,16,2,2,34,0.889
2021-08-31,Tuesday,20,30.8,20,20,0,1,34,1.0
2021-09-01,Wednesday,17,26.1,19,19,0,3,34,1.0
2021-09-02,Thursday,26,41.8,24,24,0,4,34,1.0
2021-09-03,Friday,23,35.8,20,20,0,3,34,1.0
2021-09-04,Saturday,12,19.7,16,10,6,4,34,0.625
2021-09-05,Sunday,14,25.3,18,14,4,4,34,0.778
2021-09-06,Monday,30,45.9,25,25,0,4,34,1.0
2021-09-07,Tuesday,29,46.1,25,25,0,3,34,1.0
2021-09-08,Wednesday,32,51.8,26,26,0,1,34,1.0
2021-09-09,Thursday,21,31.9,22,22,0,2,34,1.0
2021-09-10,Friday,26,42.6,23,23,0,2,34,1.0
2021-09-11,Saturday,8,9.3,18,8,10,3,34,0.444
2021-09-12,Sunday,18,29.5,19,19,0,4,34,1.0
2021-09-13,Monday,38,57.6,24,24,0,3,34,1.0
2021-09-14,Tuesday,22,34.9,22,22,0,2,34,1.0
2021-09-15,Wednesday,24,37.3,21,21,0,4,34,1.0
2021-09-16,Thursday,25,38.7,22,22,0,3,34,1.0
2021-09-17,Friday,24,37.8,22,22,0,4,34,1.0
2021-09-18,Saturday,19,30.3,21,20,1,3,34,0.952
2021-09-19,Sunday,15,24.2,20,18,2,3,34,0.9
2021-09-20,Monday,21,34.3,22,22,0,2,34,1.0
2021-09-21,Tuesday,29,44.3,24,24,0,2,34,1.0
2021-09-22,Wednesday,18,32.5,19,18,1,2,34,0.947
2021-09-23,Thursday,31,47.8,24,24,0,2,34,1.0
2021-09-24,Friday,20,34.1,20,20,0,3,34,1.0
2021-09-25,Saturday,14,26.3,18,15,3,2,34,0.833
2021-09-26,Sunday,11,20.3,21,11,10,1,34,0.524
2021-09-27,Monday,21,33.3,21,21,0,1,34,1.0
2021-09-28,Tuesday,19,31.8,21,21,0,4,34,1.0
2021-09-29,Wednesday,26,42.6,22,22,0,2,34,1.0
2021-09-30,Thursday,17,25.5,21,20,1,3,34,0.952
2021-10-01,Friday,26,38.2,24,24,0,4,34,1.0
2021-10-02,Saturday,18,29.7,21,20,1,1,34,0.952
2021-10-03,Sunday,9,15.3,17,10,7,4,34,0.588
2021-10-04,Monday,25,39.7,24,24,0,3,34,1.0
2021-10-05,Tuesday,38,61.9,26,26,0,3,34,1.0
2021-10-06,Wednesday,21,33.8,21,21,0,2,34,1.0
2021-10-07,Thursday,22,37.6,21,21,0,3,34,1.0
2021-10-08,Friday,22,30.4,22,22,0,1,34,1.0
2021-10-09,Saturday,14,27.0,18,16,2,2,34,0.889
2021-10-10,Sunday,12,18.2,17,13,4,4,34,0.765
2021-10-11,Monday,18,27.5,20,19,1,2,34,0.95
2021-10-12,Tuesday,19,33.4,18,18,0,3,34,1.0
2021-10-13,Wednesday,19,28.7,21,21,0,4,34,1.0
2021-10-14,Thursday,20,33.9,20,19,1,3,34,0.95
2021-10-15,Friday,20,34.9,20,20,0,2,34,1.0
2021-10-16,Saturday,16,27.1,19,17,2,4,34,0.895
2021-10-17,Sunday,13,23.0,18,13,5,4,34,0.722
2021-10-18,Monday,28,46.3,23,23,0,3,34,1.0
2021-10-19,Tuesday,18,29.9,20,18,2,1,34,0.9
2021-10-20,Wednesday,27,41.0,23,23,0,2,34,1.0
2021-10-21,Thursday,16,26.4,19,18,1,2,34,0.947
2021-10-22,Friday,14,21.2,18,13,5,1,34,0.722
2021-10-23,Saturday,11,18.7,19,9,10,2,34,0.474
2021-10-24,Sunday,8,12.3,14,10,4,1,34,0.714
2021-10-25,Monday,25,42.9,22,22,0,3,34,1.0
2021-10-26,Tuesday,23,35.2,21,21,0,2,34,1.0
2021-10-27,Wednesday,17,27.9,20,17,3,3,34,0.85
2021-10-28,Thursday,26,41.6,21,21,0,2,34,1.0
2021-10-29,Friday,23,39.4,21,21,0,3,34,1.0
2021-10-30,Saturday,13,20.8,18,13,5,3,34,0.722
2021-10-31,Sunday,11,16.1,19,10,9,1,34,0.526
2021-11-01,Monday,22,33.3,22,22,0,2,34,1.0
2021-11-02,Tuesday,25,39.2,21,21,0,3,34,1.0
2021-11-03,Wednesday,25,38.3,22,22,0,3,34,1.0
2021-11-04,Thursday,20,33.2,22,21,1,1,34,0.955
2021-11-05,Friday,20,31.1,19,19,0,4,34,1.0
2021-11-06,Saturday,16,23.1,19,18,1,1,34,0.947
2021-11-07,Sunday,13,20.9,18,13,5,4,34,0.722
2021-11-08,Monday,23,33.4,21,21,0,3,34,1.0
2021-11-09,Tuesday,20,34.2,24,21,3,2,34,0.875
2021-11-10,Wednesday,24,37.5,22,22,0,1,34,1.0
2021-11-11,Thursday,18,31.7,21,20,1,4,34,0.952
2021-11-12,Friday,23,38.4,21,21,0,3,34,1.0
2021-11-13,Saturday,21,33.4,22,22,0,4,34,1.0
2021-11-14,Sunday,17,29.0,21,16,5,4,34,0.762
2021-11-15,Monday,32,48.3,24,24,0,1,34,1.0
2021-11-16,Tuesday,23,36.4,22,22,0,3,34,1.0
2021-11-17,Wednesday,27,43.0,22,22,0,2,34,1.0
2021-11-18,Thursday,23,35.9,20,20,0,4,34,1.0
2021-11-19,Friday,22,33.3,23,22,1,1,34,0.957
2021-11-20,Saturday,16,25.9,19,18,1,1,34,0.947
2021-11-21,Sunday,14,23.8,16,14,2,3,34,0.875
2021-11-22,Monday,25,40.2,24,24,0,3,34,1.0
2021-11-23,Tuesday,15,24.2,18,17,1,3,34,0.944
2021-11-24,Wednesday,18,27.8,20,20,0,2,34,1.0
2021-11-25,Thursday,28,44.9,25,25,0,2,34,1.0
2021-11-26,Friday,19,28.1,20,20,0,4,34,1.0
2021-11-27,Saturday,13,19.7,18,13,5,4,34,0.722
2021-11-28,Sunday,10,13.3,16,10,6,4,34,0.625
2021-11-29,Monday,20,31.9,19,19,0,2,34,1.0
2021-11-30,Tuesday,32,53.0,24,24,0,4,34,1.0
2021-12-01,Wednesday,23,35.9,22,22,0,2,34,1.0
2021-12-02,Thursday,19,28.8,21,19,2,4,34,0.905
2021-12-03,Friday,19,30.0,20,20,0,4,34,1.0
2021-12-04,Saturday,9,14.3,17,11,6,1,34,0.647
2021-12-05,Sunday,10,15.4,15,11,4,4,34,0.733
2021-12-06,Monday,22,33.9,22,22,0,3,34,1.0
2021-12-07,Tuesday,27,40.3,23,23,0,4,34,1.0
2021-12-08,Wednesday,19,30.4,23,17,6,3,34,0.739
2021-12-09,Thursday,17,29.2,20,19,1,1,34,0.95
2021-12-10,Friday,17,26.6,19,17,2,4,34,0.895
2021-12-11,Saturday,9,13.0,17,9,8,1,34,0.529
2021-12-12,Sunday,7,10.9,16,5,11,4,34,0.312
2021-12-13,Monday,22,33.9,22,22,0,1,34,1.0
2021-12-14,Tuesday,19,31.1,20,18,2,4,34,0.9
2021-12-15,Wednesday,20,30.7,19,19,0,2,34,1.0
2021-12-16,Thursday,20,35.8,19,19,0,1,34,1.0
2021-12-17,Friday,8,13.1,17,9,8,1,34,0.529
2021-12-18,Saturday,9,12.1,19,11,8,2,34,0.579
2021-12-19,Sunday,6,10.2,16,7,9,4,34,0.438
2021-12-20,Monday,22,33.0,22,21,1,4,34,0.955
2021-12-21,Tuesday,24,37.8,23,23,0,4,34,1.0
2021-12-22,Wednesday,16,23.4,20,17,3,4,34,0.85
2021-12-23,Thursday,13,17.8,17,14,3,3,34,0.824
2021-12-24,Friday,9,17.1,17,9,8,5,34,0.529
2021-12-25,Saturday,7,9.9,18,8,10,3,34,0.444
2021-12-26,Sunday,9,13.1,18,8,10,5,34,0.444
2021-12-27,Monday,15,22.1,20,15,5,3,34,0.75
2021-12-28,Tuesday,23,36.0,21,21,0,3,34,1.0
2021-12-29,Wednesday,24,38.9,22,22,0,3,34,1.0
2021-12-30,Thursday,22,33.4,21,21,0,4,34,1.0
2021-12-31,Friday,21,32.4,21,21,0,4,34,1.0
2022-01-01,Saturday,14,21.8,20,13,7,4,36,0.65
2022-01-02,Sunday,17,23.6,17,15,2,1,36,0.882
2022-01-03,Monday,26,43.0,23,23,0,1,36,1.0
2022-01-04,Tuesday,22,36.7,21,21,0,4,36,1.0
2022-01-05,Wednesday,20,31.6,19,19,0,4,36,1.0
2022-01-06,Thursday,22,36.4,22,22,0,1,36,1.0
2022-01-07,Friday,15,26.0,18,13,5,4,36,0.722
2022-01-08,Saturday,19,27.5,20,20,0,2,36,1.0
2022-01-09,Sunday,7,5.1,19,7,12,4,36,0.368
2022-01-10,Monday,31,50.3,26,26,0,4,36,1.0
2022-01-11,Tuesday,21,32.7,22,22,0,3,36,1.0
2022-01-12,Wednesday,15,22.4,19,16,3,1,36,0.842
2022-01-13,Thursday,25,41.6,22,22,0,4,36,1.0
2022-01-14,Friday,19,32.6,23,20,3,1,36,0.87
2022-01-15,Saturday,18,31.1,21,21,0,2,36,1.0
2022-01-16,Sunday,13,20.5,17,13,4,3,36,0.765
2022-01-17,Monday,28,47.1,22,22,0,1,36,1.0
2022-01-18,Tuesday,19,28.9,21,20,1,2,36,0.952
2022-01-19,Wednesday,15,22.2,19,17,2,4,36,0.895
2022-01-20,Thursday,12,18.9,16,11,5,1,36,0.688
2022-01-21,Friday,26,41.3,23,23,0,2,36,1.0
2022-01-22,Saturday,19,31.9,20,19,1,1,36,0.95
2022-01-23,Sunday,10,16.7,18,11,7,3,36,0.611
2022-01-24,Monday,22,33.1,22,22,0,1,36,1.0
2022-01-25,Tuesday,31,48.9,24,24,0,2,36,1.0
2022-01-26,Wednesday,29,46.7,24,24,0,3,36,1.0
2022-01-27,Thursday,31,50.2,24,24,0,1,36,1.0
2022-01-28,Friday,18,27.4,19,19,0,1,36,1.0
2022-01-29,Saturday,16,26.9,19,19,0,4,36,1.0
2022-01-30,Sunday,17,27.4,21,19,2,4,36,0.905
2022-01-31,Monday,16,22.9,19,15,4,1,36,0.789
2022-02-01,Tuesday,38,60.5,26,26,0,4,36,1.0
2022-02-02,Wednesday,20,32.3,23,20,3,2,36,0.87
2022-02-03,Thursday,25,40.7,21,21,0,1,36,1.0
2022-02-04,Friday,21,35.7,17,17,0,4,36,1.0
2022-02-05,Saturday,14,23.6,20,13,7,2,36,0.65
2022-02-06,Sunday,5,11.1,15,4,11,2,36,0.267
2022-02-07,Monday,33,54.7,24,24,0,1,36,1.0
2022-02-08,Tuesday,33,51.8,24,24,0,4,36,1.0
2022-02-09,Wednesday,21,32.4,21,21,0,2,36,1.0
2022-02-10,Thursday,23,37.1,23,23,0,3,36,1.0
2022-02-11,Friday,23,39.0,22,22,0,1,36,1.0
2022-02-12,Saturday,19,27.3,22,18,4,4,36,0.818
2022-02-13,Sunday,12,20.8,19,14,5,4,36,0.737
2022-02-14,Monday,26,42.6,22,22,0,3,36,1.0
2022-02-15,Tuesday,30,47.4,24,24,0,2,36,1.0
2022-02-16,Wednesday,21,34.1,22,22,0,3,36,1.0
2022-02-17,Thursday,24,37.3,23,23,0,2,36,1.0
2022-02-18,Friday,14,23.6,20,15,5,4,36,0.75
2022-02-19,Saturday,15,23.1,19,19,0,3,36,1.0
2022-02-20,Sunday,17,27.3,20,19,1,1,36,0.95
2022-02-21,Monday,23,35.6,22,22,0,4,36,1.0
2022-02-22,Tuesday,25,42.1,22,22,0,1,36,1.0
2022-02-23,Wednesday,23,36.8,20,20,0,2,36,1.0
2022-02-24,Thursday,24,37.4,21,21,0,2,36,1.0
2022-02-25,Friday,25,37.6,22,22,0,1,36,1.0
2022-02-26,Saturday,17,27.5,20,17,3,4,36,0.85
2022-02-27,Sunday,6,6.5,18,8,10,4,36,0.444
2022-02-28,Monday,28,45.4,22,22,0,1,36,1.0
2022-03-01,Tuesday,24,35.7,21,21,0,2,36,1.0
2022-03-02,Wednesday,14,21.9,18,15,3,2,36,0.833
2022-03-03,Thursday,16,25.9,20,17,3,3,36,0.85
2022-03-04,Friday,12,15.1,17,11,6,3,36,0.647
2022-03-05,Saturday,6,11.8,15,6,9,3,36,0.4
2022-03-06,Sunday,8,12.1,15,10,5,1,36,0.667
2022-03-07,Monday,27,44.1,24,24,0,3,36,1.0
2022-03-08,Tuesday,20,31.0,20,20,0,1,36,1.0
2022-03-09,Wednesday,16,27.7,19,15,4,1,36,0.789
2022-03-10,Thursday,14,23.8,18,16,2,4,36,0.889
2022-03-11,Friday,15,22.4,20,16,4,1,36,0.8
2022-03-12,Saturday,16,26.5,18,15,3,1,36,0.833
2022-03-13,Sunday,6,10.7,15,6,9,2,36,0.4
2022-03-14,Monday,26,40.0,24,24,0,3,36,1.0
2022-03-15,Tuesday,20,33.2,21,19,2,3,36,0.905
2022-03-16,Wednesday,15,23.4,20,14,6,1,36,0.7
2022-03-17,Thursday,20,35.5,21,21,0,4,36,1.0
2022-03-18,Friday,14,20.6,19,18,1,2,36,0.947
2022-03-19,Saturday,12,20.2,18,12,6,3,36,0.667
2022-03-20,Sunday,5,8.5,17,6,11,1,36,0.353
2022-03-21,Monday,21,33.8,22,22,0,4,36,1.0
2022-03-22,Tuesday,15,24.5,20,15,5,2,36,0.75
2022-03-23,Wednesday,15,24.8,18,16,2,4,36,0.889
2022-03-24,Thursday,13,25.3,20,13,7,2,36,0.65
2022-03-25,Friday,26,42.9,22,22,0,3,36,1.0
2022-03-26,Saturday,11,19.7,17,9,8,3,36,0.529
2022-03-27,Sunday,6,6.4,16,6,10,1,36,0.375
2022-03-28,Monday,26,43.0,24,24,0,1,36,1.0
2022-03-29,Tuesday,19,28.9,21,20,1,2,36,0.952
2022-03-30,Wednesday,20,31.6,20,20,0,1,36,1.0
2022-03-31,Thursday,14,23.3,20,16,4,3,36,0.8
2022-04-01,Friday,26,44.0,23,23,0,1,36,1.0
2022-04-02,Saturday,10,22.7,17,10,7,3,36,0.588
2022-04-03,Sunday,7,9.6,15,7,8,1,36,0.467
2022-04-04,Monday,25,39.2,23,23,0,1,36,1.0
2022-04-05,Tuesday,21,36.8,21,21,0,2,36,1.0
2022-04-06,Wednesday,22,35.3,20,20,0,3,36,1.0
2022-04-07,Thursday,23,34.9,23,23,0,2,36,1.0
2022-04-08,Friday,14,20.0,18,15,3,2,36,0.833
2022-04-09,Saturday,8,13.9,19,7,12,2,36,0.368
2022-04-10,Sunday,8,13.6,15,6,9,2,36,0.4
2022-04-11,Monday,18,29.4,20,19,1,2,36,0.95
2022-04-12,Tuesday,22,30.9,20,20,0,4,36,1.0
2022-04-13,Wednesday,20,29.8,19,19,0,3,36,1.0
2022-04-14,Thursday,16,28.6,19,18,1,2,36,0.947
2022-04-15,Friday,7,12.4,18,7,11,3,36,0.389
2022-04-16,Saturday,11,17.5,18,13,5,3,36,0.722
2022-04-17,Sunday,3,4.9,14,3,11,4,36,0.214
2022-04-18,Monday,16,27.2,17,17,0,3,36,1.0
2022-04-19,Tuesday,17,30.9,18,16,2,1,36,0.889
2022-04-20,Wednesday,14,19.2,18,16,2,3,36,0.889
2022-04-21,Thursday,14,23.9,18,14,4,4,36,0.778
2022-04-22,Friday,20,32.0,20,20,0,1,36,1.0
2022-04-23,Saturday,7,11.4,14,7,7,1,36,0.5
2022-04-24,Sunday,9,14.3,17,10,7,3,36,0.588
2022-04-25,Monday,21,33.8,22,22,0,4,36,1.0
2022-04-26,Tuesday,27,44.3,25,25,0,2,36,1.0
2022-04-27,Wednesday,16,25.5,17,17,0,3,36,1.0
2022-04-28,Thursday,21,33.7,20,20,0,3,36,1.0
2022-04-29,Friday,10,17.5,16,13,3,3,36,0.812
2022-04-30,Saturday,6,10.1,16,6,10,1,36,0.375
2022-05-01,Sunday,10,15.9,16,12,4,2,36,0.75
2022-05-02,Monday,26,41.9,25,25,0,4,36,1.0
2022-05-03,Tuesday,24,40.6,22,22,0,4,36,1.0
2022-05-04,Wednesday,11,16.2,18,12,6,4,36,0.667
2022-05-05,Thursday,25,41.3,24,24,0,1,36,1.0
2022-05-06,Friday,24,39.2,22,22,0,2,36,1.0
2022-05-07,Saturday,8,14.0,17,9,8,1,36,0.529
2022-05-08,Sunday,10,17.6,16,12,4,2,36,0.75
2022-05-09,Monday,20,30.4,19,19,0,4,36,1.0
2022-05-10,Tuesday,21,34.3,20,18,2,2,36,0.9
2022-05-11,Wednesday,18,31.8,23,21,2,1,36,0.913
2022-05-12,Thursday,12,19.9,19,12,7,3,36,0.632
2022-05-13,Friday,18,29.4,20,18,2,4,36,0.9
2022-05-14,Saturday,12,19.3,17,11,6,3,36,0.647
2022-05-15,Sunday,7,9.6,17,7,10,4,36,0.412
2022-05-16,Monday,10,14.1,16,10,6,3,36,0.625
2022-05-17,Tuesday,23,35.9,20,20,0,3,36,1.0
2022-05-18,Wednesday,26,43.2,22,22,0,4,36,1.0
2022-05-19,Thursday,18,32.8,22,20,2,2,36,0.909
2022-05-20,Friday,17,25.8,22,21,1,2,36,0.955
2022-05-21,Saturday,17,22.7,19,19,0,3,36,1.0
2022-05-22,Sunday,7,10.2,16,9,7,3,36,0.562
2022-05-23,Monday,12,24.0,16,12,4,2,36,0.75
2022-05-24,Tuesday,17,30.7,20,18,2,2,36,0.9
2022-05-25,Wednesday,20,30.6,21,21,0,1,36,1.0
2022-05-26,Thursday,17,26.2,21,17,4,3,36,0.81
2022-05-27,Friday,23,37.1,23,23,0,1,36,1.0
2022-05-28,Saturday,6,10.8,16,8,8,2,36,0.5
2022-05-29,Sunday,13,21.5,19,15,4,2,36,0.789
2022-05-30,Monday,19,32.8,19,19,0,4,36,1.0
2022-05-31,Tuesday,25,41.3,23,23,0,2,36,1.0
2022-06-01,Wednesday,14,25.6,18,14,4,1,36,0.778
2022-06-02,Thursday,17,27.7,20,16,4,3,36,0.8
2022-06-03,Friday,18,30.9,20,19,1,1,36,0.95
2022-06-04,Saturday,7,10.6,16,8,8,2,36,0.5
2022-06-05,Sunday,7,11.1,17,7,10,2,36,0.412
2022-06-06,Monday,28,45.3,21,21,0,1,36,1.0
2022-06-07,Tuesday,16,26.0,18,17,1,4,36,0.944
2022-06-08,Wednesday,21,31.1,21,21,0,2,36,1.0
2022-06-09,Thursday,17,24.5,18,16,2,3,36,0.889
2022-06-10,Friday,28,46.1,23,23,0,4,36,1.0
2022-06-11,Saturday,15,29.0,19,16,3,2,36,0.842
2022-06-12,Sunday,6,11.6,18,9,9,4,36,0.5
2022-06-13,Monday,21,35.3,21,21,0,2,36,1.0
2022-06-14,Tuesday,20,32.8,22,22,0,4,36,1.0
2022-06-15,Wednesday,17,27.3,20,19,1,2,36,0.95
2022-06-16,Thursday,13,20.3,18,13,5,1,36,0.722
2022-06-17,Friday,20,32.2,21,21,0,4,36,1.0
2022-06-18,Saturday,9,14.4,18,11,7,4,36,0.611
2022-06-19,Sunday,7,9.7,18,9,9,4,36,0.5
2022-06-20,Monday,22,37.9,21,21,0,1,36,1.0
2022-06-21,Tuesday,16,26.2,17,17,0,4,36,1.0
2022-06-22,Wednesday,22,34.0,19,19,0,2,36,1.0
2022-06-23,Thursday,21,33.6,21,21,0,4,36,1.0
2022-06-24,Friday,16,24.1,17,17,0,4,36,1.0
2022-06-25,Saturday,14,24.1,21,17,4,1,36,0.81
2022-06-26,Sunday,8,14.3,17,8,9,2,36,0.471
2022-06-27,Monday,15,23.1,18,17,1,2,36,0.944
2022-06-28,Tuesday,11,16.6,16,14,2,2,36,0.875
2022-06-29,Wednesday,28,42.7,25,25,0,3,36,1.0
2022-06-30,Thursday,20,32.8,19,19,0,2,36,1.0
2022-07-01,Friday,19,31.0,19,17,2,3,36,0.895
2022-07-02,Saturday,14,23.1,18,14,4,3,36,0.778
2022-07-03,Sunday,10,13.8,17,9,8,1,36,0.529
2022-07-04,Monday,22,34.2,22,22,0,1,36,1.0
2022-07-05,Tuesday,21,34.8,22,22,0,3,36,1.0
2022-07-06,Wednesday,18,30.0,21,21,0,1,36,1.0
2022-07-07,Thursday,18,28.4,20,17,3,1,36,0.85
2022-07-08,Friday,18,27.1,21,20,1,3,36,0.952
2022-07-09,Saturday,14,22.6,18,16,2,2,36,0.889
2022-07-10,Sunday,12,21.0,16,12,4,1,36,0.75
2022-07-11,Monday,19,30.7,20,20,0,2,36,1.0
2022-07-12,Tuesday,23,36.2,21,21,0,3,36,1.0
2022-07-13,Wednesday,14,21.6,18,13,5,4,36,0.722
2022-07-14,Thursday,19,29.0,19,18,1,4,36,0.947
2022-07-15,Friday,17,24.2,19,18,1,3,36,0.947
2022-07-16,Saturday,8,13.1,17,9,8,4,36,0.529
2022-07-17,Sunday,10,14.5,19,9,10,3,36,0.474
2022-07-18,Monday,18,31.4,18,18,0,2,36,1.0
2022-07-19,Tuesday,24,39.1,20,20,0,4,36,1.0
2022-07-20,Wednesday,17,28.7,19,19,0,2,36,1.0
2022-07-21,Thursday,24,38.4,23,23,0,4,36,1.0
2022-07-22,Friday,21,33.9,21,21,0,4,36,1.0
2022-07-23,Saturday,13,22.0,17,13,4,2,36,0.765
2022-07-24,Sunday,6,8.3,17,7,10,3,36,0.412
2022-07-25,Monday,26,41.5,24,24,0,4,36,1.0
2022-07-26,Tuesday,21,36.0,21,21,0,4,36,1.0
2022-07-27,Wednesday,16,27.3,18,16,2,1,36,0.889
2022-07-28,Thursday,14,19.7,19,18,1,4,36,0.947
2022-07-29,Friday,12,16.3,18,10,8,3,36,0.556
2022-07-30,Saturday,10,14.2,17,13,4,1,36,0.765
2022-07-31,Sunday,9,11.8,16,10,6,1,36,0.625
2022-08-01,Monday,23,37.5,23,23,0,3,36,1.0
2022-08-02,Tuesday,18,29.1,20,20,0,2,36,1.0
2022-08-03,Wednesday,12,19.1,19,14,5,1,36,0.737
2022-08-04,Thursday,21,34.3,23,21,2,3,36,0.913
2022-08-05,Friday,19,31.1,21,21,0,3,36,1.0
2022-08-06,Saturday,8,13.7,16,11,5,1,36,0.688
2022-08-07,Sunday,13,22.2,20,12,8,2,36,0.6
2022-08-08,Monday,21,35.6,22,22,0,2,36,1.0
2022-08-09,Tuesday,17,28.3,23,18,5,4,36,0.783
2022-08-10,Wednesday,18,26.9,20,18,2,3,36,0.9
2022-08-11,Thursday,26,44.0,24,24,0,1,36,1.0
2022-08-12,Friday,12,21.9,18,12,6,3,36,0.667
2022-08-13,Saturday,7,11.1,16,4,12,4,36,0.25
2022-08-14,Sunday,12,17.8,18,12,6,1,36,0.667
2022-08-15,Monday,28,44.2,24,24,0,4,36,1.0
2022-08-16,Tuesday,27,42.4,24,24,0,1,36,1.0
2022-08-17,Wednesday,16,29.2,21,18,3,3,36,0.857
2022-08-18,Thursday,22,33.2,22,22,0,2,36,1.0
2022-08-19,Friday,20,34.0,20,20,0,3,36,1.0
2022-08-20,Saturday,9,17.4,17,9,8,4,36,0.529
2022-08-21,Sunday,5,10.5,14,6,8,4,36,0.429
2022-08-22,Monday,24,38.9,24,24,0,4,36,1.0
2022-08-23,Tuesday,36,56.7,25,25,0,4,36,1.0
2022-08-24,Wednesday,26,37.7,24,24,0,2,36,1.0
2022-08-25,Thursday,21,34.0,21,21,0,2,36,1.0
2022-08-26,Friday,30,47.8,24,24,0,3,36,1.0
2022-08-27,Saturday,12,18.5,18,12,6,1,36,0.667
2022-08-28,Sunday,5,7.7,15,6,9,3,36,0.4
2022-08-29,Monday,29,47.4,23,23,0,3,36,1.0
2022-08-30,Tuesday,25,35.6,24,24,0,4,36,1.0
2022-08-31,Wednesday,15,25.5,19,17,2,1,36,0.895
2022-09-01,Thursday,24,38.1,23,23,0,1,36,1.0
2022-09-02,Friday,26,42.2,24,24,0,1,36,1.0
2022-09-03,Saturday,18,27.1,20,19,1,3,36,0.95
2022-09-04,Sunday,13,21.2,19,16,3,3,36,0.842
2022-09-05,Monday,20,35.4,21,21,0,3,36,1.0
2022-09-06,Tuesday,28,46.9,22,22,0,1,36,1.0
2022-09-07,Wednesday,21,31.5,21,21,0,2,36,1.0
2022-09-08,Thursday,36,57.4,26,26,0,2,36,1.0
2022-09-09,Friday,22,36.2,21,21,0,1,36,1.0
2022-09-10,Saturday,15,26.1,19,15,4,4,36,0.789
2022-09-11,Sunday,13,20.2,18,12,6,1,36,0.667
2022-09-12,Monday,31,51.7,26,26,0,3,36,1.0
2022-09-13,Tuesday,26,40.1,20,20,0,2,36,1.0
2022-09-14,Wednesday,28,44.6,24,24,0,4,36,1.0
2022-09-15,Thursday,27,45.7,23,23,0,3,36,1.0
2022-09-16,Friday,31,49.1,24,24,0,2,36,1.0
2022-09-17,Saturday,16,23.7,19,17,2,3,36,0.895
2022-09-18,Sunday,15,24.7,20,15,5,1,36,0.75
2022-09-19,Monday,38,60.7,26,26,0,1,36,1.0
2022-09-20,Tuesday,27,40.3,23,23,0,2,36,1.0
2022-09-21,Wednesday,27,44.6,24,24,0,4,36,1.0
2022-09-22,Thursday,22,35.7,23,21,2,4,36,0.913
2022-09-23,Friday,18,26.2,21,19,2,2,36,0.905
2022-09-24,Saturday,20,33.7,20,20,0,2,36,1.0
2022-09-25,Sunday,11,18.0,18,11,7,4,36,0.611
2022-09-26,Monday,35,58.5,26,26,0,3,36,1.0
2022-09-27,Tuesday,26,42.2,22,22,0,1,36,1.0
2022-09-28,Wednesday,32,50.6,23,23,0,1,36,1.0
2022-09-29,Thursday,28,44.9,21,21,0,4,36,1.0
2022-09-30,Friday,29,46.4,24,24,0,4,36,1.0
2022-10-01,Saturday,13,21.3,19,13,6,4,36,0.684
2022-10-02,Sunday,16,25.9,18,18,0,1,36,1.0
2022-10-03,Monday,21,31.9,22,21,1,4,36,0.955
2022-10-04,Tuesday,31,49.6,25,25,0,1,36,1.0
2022-10-05,Wednesday,19,32.1,22,20,2,4,36,0.909
2022-10-06,Thursday,29,46.9,24,24,0,4,36,1.0
2022-10-07,Friday,18,26.2,19,17,2,2,36,0.895
2022-10-08,Saturday,17,29.3,20,17,3,1,36,0.85
2022-10-09,Sunday,11,16.7,18,12,6,3,36,0.667
2022-10-10,Monday,23,33.0,21,21,0,1,36,1.0
2022-10-11,Tuesday,31,51.8,23,23,0,3,36,1.0
2022-10-12,Wednesday,36,54.7,26,26,0,2,36,1.0
2022-10-13,Thursday,18,27.3,19,18,1,2,36,0.947
2022-10-14,Friday,26,40.0,24,24,0,4,36,1.0
2022-10-15,Saturday,17,25.0,19,19,0,4,36,1.0
2022-10-16,Sunday,19,26.9,22,20,2,2,36,0.909
2022-10-17,Monday,26,41.5,20,20,0,2,36,1.0
2022-10-18,Tuesday,20,33.2,21,20,1,4,36,0.952
2022-10-19,Wednesday,24,41.3,24,24,0,2,36,1.0
2022-10-20,Thursday,32,52.1,24,24,0,1,36,1.0
2022-10-21,Friday,21,33.2,21,21,0,4,36,1.0
2022-10-22,Saturday,15,24.5,19,19,0,4,36,1.0
2022-10-23,Sunday,16,28.0,19,16,3,2,36,0.842
2022-10-24,Monday,33,51.6,25,25,0,1,36,1.0
2022-10-25,Tuesday,21,32.9,19,19,0,1,36,1.0
2022-10-26,Wednesday,24,42.2,22,22,0,3,36,1.0
2022-10-27,Thursday,28,44.9,24,24,0,2,36,1.0
2022-10-28,Friday,20,33.2,20,20,0,3,36,1.0
2022-10-29,Saturday,14,19.0,17,13,4,4,36,0.765
2022-10-30,Sunday,18,26.5,21,18,3,1,36,0.857
2022-10-31,Monday,32,54.3,26,26,0,4,36,1.0
2022-11-01,Tuesday,30,48.9,23,23,0,1,36,1.0
2022-11-02,Wednesday,29,41.9,22,22,0,1,36,1.0
2022-11-03,Thursday,20,31.4,20,18,2,3,36,0.9
2022-11-04,Friday,29,47.5,24,24,0,3,36,1.0
2022-11-05,Saturday,22,32.8,22,22,0,4,36,1.0
2022-11-06,Sunday,16,24.1,20,18,2,3,36,0.9
2022-11-07,Monday,27,42.4,23,23,0,2,36,1.0
2022-11-08,Tuesday,25,40.0,21,21,0,3,36,1.0
2022-11-09,Wednesday,24,37.7,23,23,0,4,36,1.0
2022-11-10,Thursday,31,50.9,24,24,0,3,36,1.0
2022-11-11,Friday,25,42.9,23,23,0,2,36,1.0
2022-11-12,Saturday,19,30.7,18,18,0,4,36,1.0
2022-11-13,Sunday,15,23.7,18,15,3,2,36,0.833
2022-11-14,Monday,29,45.3,25,25,0,2,36,1.0
2022-11-15,Tuesday,24,37.9,21,21,0,2,36,1.0
2022-11-16,Wednesday,26,42.2,24,24,0,2,36,1.0
2022-11-17,Thursday,18,28.4,17,17,0,1,36,1.0
2022-11-18,Friday,27,43.9,22,22,0,3,36,1.0
2022-11-19,Saturday,17,28.1,19,19,0,3,36,1.0
2022-11-20,Sunday,17,28.6,22,17,5,2,36,0.773
2022-11-21,Monday,27,44.8,22,22,0,4,36,1.0
2022-11-22,Tuesday,22,38.2,22,22,0,2,36,1.0
2022-11-23,Wednesday,17,24.8,21,16,5,2,36,0.762
2022-11-24,Thursday,13,20.1,17,16,1,1,36,0.941
2022-11-25,Friday,18,29.2,20,20,0,4,36,1.0
2022-11-26,Saturday,18,27.5,20,18,2,1,36,0.9
2022-11-27,Sunday,15,22.3,17,15,2,1,36,0.882
2022-11-28,Monday,34,56.3,25,25,0,4,36,1.0
2022-11-29,Tuesday,28,46.4,25,25,0,3,36,1.0
2022-11-30,Wednesday,22,35.7,22,22,0,1,36,1.0
2022-12-01,Thursday,11,17.7,17,11,6,2,36,0.647
2022-12-02,Friday,16,27.3,19,14,5,3,36,0.737
2022-12-03,Saturday,8,14.6,17,8,9,1,36,0.471
2022-12-04,Sunday,7,9.9,17,8,9,4,36,0.471
2022-12-05,Monday,21,33.6,20,20,0,3,36,1.0
2022-12-06,Tuesday,32,51.7,26,26,0,1,36,1.0
2022-12-07,Wednesday,23,36.1,23,23,0,3,36,1.0
2022-12-08,Thursday,19,28.6,21,19,2,1,36,0.905
2022-12-09,Friday,24,35.5,21,21,0,3,36,1.0
2022-12-10,Saturday,12,20.1,17,11,6,2,36,0.647
2022-12-11,Sunday,11,16.4,17,13,4,1,36,0.765
2022-12-12,Monday,25,40.1,22,22,0,3,36,1.0
2022-12-13,Tuesday,23,37.0,20,20,0,2,36,1.0
2022-12-14,Wednesday,15,24.8,20,15,5,2,36,0.75
2022-12-15,Thursday,16,25.4,21,16,5,4,36,0.762
2022-12-16,Friday,18,28.9,21,19,2,3,36,0.905
2022-12-17,Saturday,14,20.5,18,14,4,2,36,0.778
2022-12-18,Sunday,8,11.4,16,9,7,1,36,0.562
2022-12-19,Monday,19,31.3,21,21,0,3,36,1.0
2022-12-20,Tuesday,20,31.1,20,20,0,1,36,1.0
2022-12-21,Wednesday,14,21.4,19,15,4,5,36,0.789
2022-12-22,Thursday,14,25.3,19,12,7,2,36,0.632
2022-12-23,Friday,12,20.0,19,14,5,4,36,0.737
2022-12-24,Saturday,9,14.6,16,9,7,3,36,0.562
2022-12-25,Sunday,7,11.7,17,10,7,4,36,0.588
2022-12-26,Monday,16,26.3,19,19,0,3,36,1.0
2022-12-27,Tuesday,28,46.5,23,23,0,2,36,1.0
2022-12-28,Wednesday,17,29.2,21,19,2,5,36,0.905
2022-12-29,Thursday,16,28.2,21,16,5,5,36,0.762
2022-12-30,Friday,17,26.6,21,18,3,2,36,0.857
2022-12-31,Saturday,13,21.4,19,15,4,2,36,0.789
2023-01-01,Sunday,16,26.4,19,18,1,3,36,0.947
2023-01-02,Monday,28,49.4,23,23,0,4,36,1.0
2023-01-03,Tuesday,22,37.0,19,19,0,3,36,1.0
2023-01-04,Wednesday,27,44.6,25,25,0,1,36,1.0
2023-01-05,Thursday,21,32.9,21,21,0,3,36,1.0
2023-01-06,Friday,27,41.4,24,24,0,2,36,1.0
2023-01-07,Saturday,14,24.0,19,13,6,3,36,0.684
2023-01-08,Sunday,8,15.2,15,11,4,2,36,0.733
2023-01-09,Monday,24,39.3,21,21,0,1,36,1.0
2023-01-10,Tuesday,26,39.6,25,25,0,1,36,1.0
2023-01-11,Wednesday,22,36.1,22,22,0,3,36,1.0
2023-01-12,Thursday,22,36.5,21,21,0,3,36,1.0
2023-01-13,Friday,29,44.4,24,24,0,2,36,1.0
2023-01-14,Saturday,21,35.5,22,22,0,1,36,1.0
2023-01-15,Sunday,16,25.9,20,17,3,4,36,0.85
2023-01-16,Monday,27,45.9,21,21,0,1,36,1.0
2023-01-17,Tuesday,32,48.2,26,26,0,1,36,1.0
2023-01-18,Wednesday,21,32.4,22,21,1,2,36,0.955
2023-01-19,Thursday,22,35.9,21,21,0,3,36,1.0
2023-01-20,Friday,16,29.6,18,14,4,4,36,0.778
2023-01-21,Saturday,22,37.4,23,23,0,3,36,1.0
2023-01-22,Sunday,13,18.8,19,16,3,4,36,0.842
2023-01-23,Monday,34,52.5,24,24,0,3,36,1.0
2023-01-24,Tuesday,31,50.5,24,24,0,4,36,1.0
2023-01-25,Wednesday,22,34.2,25,23,2,1,36,0.92
2023-01-26,Thursday,30,45.0,24,24,0,1,36,1.0
2023-01-27,Friday,22,34.9,20,20,0,3,36,1.0
2023-01-28,Saturday,20,32.9,19,19,0,4,36,1.0
2023-01-29,Sunday,11,16.9,20,14,6,3,36,0.7
2023-01-30,Monday,20,32.0,22,22,0,2,36,1.0
2023-01-31,Tuesday,27,43.1,25,25,0,2,36,1.0
2023-02-01,Wednesday,17,27.2,20,17,3,1,36,0.85
2023-02-02,Thursday,23,36.5,23,23,0,2,36,1.0
2023-02-03,Friday,22,33.1,20,20,0,3,36,1.0
2023-02-04,Saturday,11,18.4,18,12,6,1,36,0.667
2023-02-05,Sunday,19,28.7,21,21,0,2,36,1.0
2023-02-06,Monday,29,45.8,25,25,0,2,36,1.0
2023-02-07,Tuesday,32,51.0,25,25,0,2,36,1.0
2023-02-08,Wednesday,30,45.9,23,23,0,4,36,1.0
2023-02-09,Thursday,22,35.6,21,21,0,4,36,1.0
2023-02-10,Friday,20,30.6,19,19,0,2,36,1.0
2023-02-11,Saturday,11,16.4,15,9,6,4,36,0.6
2023-02-12,Sunday,13,20.1,19,13,6,3,36,0.684
2023-02-13,Monday,23,40.9,21,21,0,4,36,1.0
2023-02-14,Tuesday,27,43.7,23,23,0,3,36,1.0
2023-02-15,Wednesday,25,42.9,23,23,0,3,36,1.0
2023-02-16,Thursday,28,43.3,25,25,0,3,36,1.0
2023-02-17,Friday,38,62.0,26,26,0,2,36,1.0
2023-02-18,Saturday,17,26.0,22,17,5,3,36,0.773
2023-02-19,Sunday,12,19.4,19,15,4,3,36,0.789
2023-02-20,Monday,25,38.1,23,23,0,3,36,1.0
2023-02-21,Tuesday,18,29.3,20,16,4,1,36,0.8
2023-02-22,Wednesday,24,39.4,20,20,0,3,36,1.0
2023-02-23,Thursday,26,42.4,24,24,0,3,36,1.0
2023-02-24,Friday,19,30.7,17,17,0,1,36,1.0
2023-02-25,Saturday,22,34.3,21,21,0,4,36,1.0
2023-02-26,Sunday,8,9.0,17,8,9,4,36,0.471
2023-02-27,Monday,34,51.2,24,24,0,3,36,1.0
2023-02-28,Tuesday,22,33.7,21,21,0,4,36,1.0
2023-03-01,Wednesday,21,34.1,23,21,2,4,36,0.913
2023-03-02,Thursday,21,31.8,22,22,0,2,36,1.0
2023-03-03,Friday,20,29.5,20,19,1,4,36,0.95
2023-03-04,Saturday,12,21.0,17,13,4,4,36,0.765
2023-03-05,Sunday,9,12.7,15,10,5,1,36,0.667
2023-03-06,Monday,24,37.4,23,23,0,4,36,1.0
2023-03-07,Tuesday,20,32.5,20,20,0,1,36,1.0
2023-03-08,Wednesday,21,32.0,19,19,0,2,36,1.0
2023-03-09,Thursday,22,34.4,21,21,0,4,36,1.0
2023-03-10,Friday,16,25.6,20,18,2,3,36,0.9
2023-03-11,Saturday,12,19.6,19,13,6,2,36,0.684
2023-03-12,Sunday,12,21.3,18,14,4,3,36,0.778
2023-03-13,Monday,29,43.6,23,23,0,1,36,1.0
2023-03-14,Tuesday,19,26.4,23,22,1,1,36,0.957
2023-03-15,Wednesday,21,33.8,21,21,0,4,36,1.0
2023-03-16,Thursday,20,34.1,22,22,0,1,36,1.0
2023-03-17,Friday,14,21.9,18,15,3,4,36,0.833
2023-03-18,Saturday,8,12.4,17,10,7,2,36,0.588
2023-03-19,Sunday,12,18.2,16,14,2,1,36,0.875
2023-03-20,Monday,21,34.9,20,20,0,4,36,1.0
2023-03-21,Tuesday,26,40.8,21,21,0,1,36,1.0
2023-03-22,Wednesday,30,47.2,23,23,0,2,36,1.0
2023-03-23,Thursday,23,36.7,23,23,0,1,36,1.0
2023-03-24,Friday,15,21.9,18,14,4,4,36,0.778
2023-03-25,Saturday,7,11.6,17,4,13,2,36,0.235
2023-03-26,Sunday,7,7.5,18,5,13,3,36,0.278
2023-03-27,Monday,18,29.9,20,20,0,1,36,1.0
2023-03-28,Tuesday,31,50.2,26,26,0,3,36,1.0
2023-03-29,Wednesday,21,34.5,22,22,0,3,36,1.0
2023-03-30,Thursday,24,36.8,22,22,0,2,36,1.0
2023-03-31,Friday,21,35.2,22,22,0,4,36,1.0
2023-04-01,Saturday,13,20.8,21,11,10,2,36,0.524
2023-04-02,Sunday,6,11.2,15,6,9,3,36,0.4
2023-04-03,Monday,30,48.1,23,23,0,1,36,1.0
2023-04-04,Tuesday,20,32.6,19,19,0,4,36,1.0
2023-04-05,Wednesday,12,18.4,19,13,6,1,36,0.684
2023-04-06,Thursday,18,26.3,21,17,4,3,36,0.81
2023-04-07,Friday,16,24.7,19,15,4,1,36,0.789
2023-04-08,Saturday,11,18.0,15,10,5,1,36,0.667
2023-04-09,Sunday,8,12.2,16,10,6,1,36,0.625
2023-04-10,Monday,20,30.4,21,21,0,4,36,1.0
2023-04-11,Tuesday,15,23.5,19,16,3,1,36,0.842
2023-04-12,Wednesday,27,42.1,23,23,0,4,36,1.0
2023-04-13,Thursday,17,27.2,19,19,0,3,36,1.0
2023-04-14,Friday,16,28.0,21,15,6,1,36,0.714
2023-04-15,Saturday,13,23.8,19,14,5,2,36,0.737
2023-04-16,Sunday,11,16.8,18,12,6,2,36,0.667
2023-04-17,Monday,21,33.6,21,21,0,2,36,1.0
2023-04-18,Tuesday,22,31.1,22,22,0,3,36,1.0
2023-04-19,Wednesday,18,28.6,21,18,3,4,36,0.857
2023-04-20,Thursday,13,19.1,17,16,1,4,36,0.941
2023-04-21,Friday,20,32.1,21,21,0,3,36,1.0
2023-04-22,Saturday,20,28.7,22,21,1,4,36,0.955
2023-04-23,Sunday,8,11.7,18,8,10,4,36,0.444
2023-04-24,Monday,25,36.9,23,23,0,1,36,1.0
2023-04-25,Tuesday,19,29.5,19,19,0,3,36,1.0
2023-04-26,Wednesday,16,29.2,18,16,2,4,36,0.889
2023-04-27,Thursday,28,42.6,23,23,0,1,36,1.0
2023-04-28,Friday,18,26.4,20,20,0,3,36,1.0
2023-04-29,Saturday,10,15.4,17,10,7,4,36,0.588
2023-04-30,Sunday,13,18.7,17,13,4,2,36,0.765
2023-05-01,Monday,23,38.4,20,20,0,4,36,1.0
2023-05-02,Tuesday,25,37.9,20,20,0,4,36,1.0
2023-05-03,Wednesday,25,36.9,19,19,0,3,36,1.0
2023-05-04,Thursday,27,43.7,23,23,0,3,36,1.0
2023-05-05,Friday,22,37.0,24,20,4,3,36,0.833
2023-05-06,Saturday,15,23.9,21,18,3,2,36,0.857
2023-05-07,Sunday,15,22.3,18,16,2,2,36,0.889
2023-05-08,Monday,25,40.3,23,23,0,3,36,1.0
2023-05-09,Tuesday,18,29.4,18,18,0,2,36,1.0
2023-05-10,Wednesday,30,49.7,22,22,0,4,36,1.0
2023-05-11,Thursday,36,58.1,25,25,0,4,36,1.0
2023-05-12,Friday,23,32.8,21,21,0,2,36,1.0
2023-05-13,Saturday,16,25.0,19,16,3,3,36,0.842
2023-05-14,Sunday,13,19.4,19,15,4,1,36,0.789
2023-05-15,Monday,21,32.7,22,21,1,1,36,0.955
2023-05-16,Tuesday,24,33.2,22,22,0,2,36,1.0
2023-05-17,Wednesday,23,35.4,22,21,1,1,36,0.955
2023-05-18,Thursday,25,37.3,21,21,0,4,36,1.0
2023-05-19,Friday,23,37.5,20,20,0,1,36,1.0
2023-05-20,Saturday,19,29.9,19,19,0,2,36,1.0
2023-05-21,Sunday,22,35.4,22,22,0,2,36,1.0
2023-05-22,Monday,27,44.4,23,23,0,1,36,1.0
2023-05-23,Tuesday,24,37.1,20,20,0,2,36,1.0
2023-05-24,Wednesday,23,36.7,22,22,0,3,36,1.0
2023-05-25,Thursday,28,45.6,22,22,0,4,36,1.0
2023-05-26,Friday,15,27.0,21,15,6,1,36,0.714
2023-05-27,Saturday,13,23.8,18,13,5,1,36,0.722
2023-05-28,Sunday,13,21.7,19,10,9,2,36,0.526
2023-05-29,Monday,19,29.0,22,18,4,2,36,0.818
2023-05-30,Tuesday,25,44.2,21,21,0,4,36,1.0
2023-05-31,Wednesday,20,34.0,21,21,0,1,36,1.0
2023-06-01,Thursday,31,51.4,25,25,0,2,36,1.0
2023-06-02,Friday,32,53.5,25,25,0,3,36,1.0
2023-06-03,Saturday,17,26.4,20,18,2,2,36,0.9
2023-06-04,Sunday,13,18.5,17,12,5,3,36,0.706
2023-06-05,Monday,14,22.2,19,12,7,4,36,0.632
2023-06-06,Tuesday,14,23.2,18,14,4,3,36,0.778
2023-06-07,Wednesday,22,35.0,22,22,0,2,36,1.0
2023-06-08,Thursday,26,40.2,24,24,0,4,36,1.0
2023-06-09,Friday,18,32.6,21,20,1,4,36,0.952
2023-06-10,Saturday,20,33.8,21,19,2,4,36,0.905
2023-06-11,Sunday,12,18.6,19,13,6,1,36,0.684
2023-06-12,Monday,24,43.6,23,23,0,4,36,1.0
2023-06-13,Tuesday,13,17.7,20,14,6,4,36,0.7
2023-06-14,Wednesday,22,33.3,21,21,0,4,36,1.0
2023-06-15,Thursday,37,60.9,26,26,0,3,36,1.0
2023-06-16,Friday,23,38.2,23,20,3,2,36,0.87
2023-06-17,Saturday,14,19.8,18,16,2,3,36,0.889
2023-06-18,Sunday,12,20.1,16,13,3,3,36,0.812
2023-06-19,Monday,21,32.3,22,20,2,4,36,0.909
2023-06-20,Tuesday,31,47.5,24,24,0,2,36,1.0
2023-06-21,Wednesday,18,30.7,19,18,1,3,36,0.947
2023-06-22,Thursday,15,22.7,20,15,5,4,36,0.75
2023-06-23,Friday,22,35.8,23,22,1,4,36,0.957
2023-06-24,Saturday,21,30.9,19,19,0,1,36,1.0
2023-06-25,Sunday,8,8.4,18,7,11,4,36,0.389
2023-06-26,Monday,38,55.8,24,24,0,1,36,1.0
2023-06-27,Tuesday,21,34.8,21,21,0,4,36,1.0
2023-06-28,Wednesday,18,27.3,22,19,3,1,36,0.864
2023-06-29,Thursday,20,30.8,20,20,0,1,36,1.0
2023-06-30,Friday,18,27.7,20,20,0,3,36,1.0
2023-07-01,Saturday,8,11.4,18,7,11,3,36,0.389
2023-07-02,Sunday,9,14.4,15,9,6,3,36,0.6
2023-07-03,Monday,13,23.0,18,14,4,2,36,0.778
2023-07-04,Tuesday,27,40.5,23,23,0,1,36,1.0
2023-07-05,Wednesday,30,46.7,26,26,0,3,36,1.0
2023-07-06,Thursday,22,37.2,20,20,0,3,36,1.0
2023-07-07,Friday,14,20.1,18,16,2,3,36,0.889
2023-07-08,Saturday,12,18.0,17,13,4,2,36,0.765
2023-07-09,Sunday,10,16.0,16,11,5,4,36,0.688
2023-07-10,Monday,34,53.2,26,26,0,4,36,1.0
2023-07-11,Tuesday,27,40.2,23,23,0,1,36,1.0
2023-07-12,Wednesday,16,23.8,19,15,4,1,36,0.789
2023-07-13,Thursday,16,25.4,19,17,2,1,36,0.895
2023-07-14,Friday,16,25.1,19,13,6,1,36,0.684
2023-07-15,Saturday,13,20.8,18,11,7,3,36,0.611
2023-07-16,Sunday,8,14.0,15,10,5,3,36,0.667
2023-07-17,Monday,21,37.0,21,21,0,2,36,1.0
2023-07-18,Tuesday,18,29.7,20,18,2,3,36,0.9
2023-07-19,Wednesday,11,20.2,17,10,7,4,36,0.588
2023-07-20,Thursday,20,31.4,21,19,2,4,36,0.905
2023-07-21,Friday,19,28.8,21,20,1,2,36,0.952
2023-07-22,Saturday,12,20.1,17,12,5,3,36,0.706
2023-07-23,Sunday,15,22.7,19,18,1,3,36,0.947
2023-07-24,Monday,26,42.3,25,25,0,4,36,1.0
2023-07-25,Tuesday,24,39.9,25,25,0,4,36,1.0
2023-07-26,Wednesday,26,40.9,21,21,0,2,36,1.0
2023-07-27,Thursday,18,28.4,19,18,1,4,36,0.947
2023-07-28,Friday,15,23.5,18,16,2,2,36,0.889
2023-07-29,Saturday,14,21.4,20,14,6,4,36,0.7
2023-07-30,Sunday,9,12.7,17,9,8,4,36,0.529
2023-07-31,Monday,26,41.0,23,23,0,4,36,1.0
2023-08-01,Tuesday,18,28.7,22,21,1,1,36,0.955
2023-08-02,Wednesday,15,20.1,19,16,3,1,36,0.842
2023-08-03,Thursday,22,34.9,22,22,0,4,36,1.0
2023-08-04,Friday,21,33.3,22,22,0,1,36,1.0
2023-08-05,Saturday,13,17.4,18,15,3,1,36,0.833
2023-08-06,Sunday,11,18.9,19,11,8,2,36,0.579
2023-08-07,Monday,34,56.2,24,24,0,2,36,1.0
2023-08-08,Tuesday,17,28.6,21,18,3,1,36,0.857
2023-08-09,Wednesday,19,28.0,20,20,0,1,36,1.0
2023-08-10,Thursday,18,32.1,19,19,0,2,36,1.0
2023-08-11,Friday,14,21.6,17,15,2,3,36,0.882
2023-08-12,Saturday,12,18.7,17,14,3,3,36,0.824
2023-08-13,Sunday,11,16.5,17,11,6,4,36,0.647
2023-08-14,Monday,20,31.1,18,18,0,4,36,1.0
2023-08-15,Tuesday,21,35.6,21,21,0,1,36,1.0
2023-08-16,Wednesday,18,29.4,19,19,0,3,36,1.0
2023-08-17,Thursday,18,28.3,21,19,2,1,36,0.905
2023-08-18,Friday,16,25.7,20,18,2,2,36,0.9
2023-08-19,Saturday,14,17.5,18,13,5,2,36,0.722
2023-08-20,Sunday,8,12.3,16,9,7,3,36,0.562
2023-08-21,Monday,23,34.7,21,21,0,2,36,1.0
2023-08-22,Tuesday,33,51.2,26,26,0,4,36,1.0
2023-08-23,Wednesday,26,42.6,22,22,0,2,36,1.0
2023-08-24,Thursday,22,35.9,20,20,0,4,36,1.0
2023-08-25,Friday,16,24.0,18,16,2,4,36,0.889
2023-08-26,Saturday,11,18.6,16,12,4,3,36,0.75
2023-08-27,Sunday,3,5.0,15,3,12,1,36,0.2
2023-08-28,Monday,25,41.0,23,23,0,3,36,1.0
2023-08-29,Tuesday,26,41.2,24,24,0,2,36,1.0
2023-08-30,Wednesday,21,31.4,22,21,1,2,36,0.955
2023-08-31,Thursday,11,15.9,21,12,9,2,36,0.571
2023-09-01,Friday,26,41.2,23,23,0,2,36,1.0
2023-09-02,Saturday,13,19.8,18,17,1,2,36,0.944
2023-09-03,Sunday,11,16.9,16,11,5,4,36,0.688
2023-09-04,Monday,21,34.8,22,20,2,2,36,0.909
2023-09-05,Tuesday,19,26.0,20,18,2,2,36,0.9
2023-09-06,Wednesday,22,36.0,22,22,0,3,36,1.0
2023-09-07,Thursday,20,33.7,19,19,0,1,36,1.0
2023-09-08,Friday,21,33.2,21,20,1,3,36,0.952
2023-09-09,Saturday,21,34.0,21,21,0,4,36,1.0
2023-09-10,Sunday,16,26.8,20,16,4,4,36,0.8
2023-09-11,Monday,34,54.3,25,25,0,1,36,1.0
2023-09-12,Tuesday,24,38.6,23,23,0,2,36,1.0
2023-09-13,Wednesday,30,47.0,26,26,0,1,36,1.0
2023-09-14,Thursday,19,28.1,19,19,0,3,36,1.0
2023-09-15,Friday,24,35.4,23,23,0,2,36,1.0
2023-09-16,Saturday,17,28.8,16,16,0,4,36,1.0
2023-09-17,Sunday,16,24.4,20,16,4,1,36,0.8
2023-09-18,Monday,16,24.6,17,17,0,4,36,1.0
2023-09-19,Tuesday,35,53.3,25,25,0,2,36,1.0
2023-09-20,Wednesday,30,48.0,22,22,0,4,36,1.0
2023-09-21,Thursday,14,24.0,18,14,4,1,36,0.778
2023-09-22,Friday,21,30.9,22,21,1,2,36,0.955
2023-09-23,Saturday,24,38.9,20,20,0,2,36,1.0
2023-09-24,Sunday,12,19.4,18,11,7,4,36,0.611
2023-09-25,Monday,32,49.2,24,24,0,3,36,1.0
2023-09-26,Tuesday,29,45.7,26,26,0,4,36,1.0
2023-09-27,Wednesday,29,45.8,24,24,0,3,36,1.0
2023-09-28,Thursday,16,25.1,18,18,0,4,36,1.0
2023-09-29,Friday,31,51.4,24,24,0,3,36,1.0
2023-09-30,Saturday,11,19.5,20,12,8,3,36,0.6
2023-10-01,Sunday,11,17.1,19,10,9,4,36,0.526
2023-10-02,Monday,24,39.3,21,21,0,4,36,1.0
2023-10-03,Tuesday,20,30.7,20,20,0,3,36,1.0
2023-10-04,Wednesday,27,40.6,23,23,0,2,36,1.0
2023-10-05,Thursday,26,41.1,22,22,0,3,36,1.0
2023-10-06,Friday,23,36.8,20,20,0,3,36,1.0
2023-10-07,Saturday,16,26.1,19,16,3,4,36,0.842
2023-10-08,Sunday,19,29.5,22,21,1,3,36,0.955
2023-10-09,Monday,26,43.9,22,22,0,4,36,1.0
2023-10-10,Tuesday,23,37.1,22,22,0,3,36,1.0
2023-10-11,Wednesday,27,43.4,23,23,0,4,36,1.0
2023-10-12,Thursday,19,28.6,23,19,4,4,36,0.826
2023-10-13,Friday,20,33.5,21,20,1,4,36,0.952
2023-10-14,Saturday,16,24.5,21,16,5,1,36,0.762
2023-10-15,Sunday,14,24.9,18,18,0,4,36,1.0
2023-10-16,Monday,35,54.9,25,25,0,2,36,1.0
2023-10-17,Tuesday,29,47.4,24,24,0,4,36,1.0
2023-10-18,Wednesday,33,57.0,24,24,0,2,36,1.0
2023-10-19,Thursday,24,40.8,22,22,0,2,36,1.0
2023-10-20,Friday,30,49.8,25,25,0,3,36,1.0
2023-10-21,Saturday,14,24.0,18,14,4,3,36,0.778
2023-10-22,Sunday,7,9.6,16,9,7,3,36,0.562
2023-10-23,Monday,29,46.4,25,25,0,1,36,1.0
2023-10-24,Tuesday,27,43.5,22,22,0,4,36,1.0
2023-10-25,Wednesday,18,30.6,21,17,4,2,36,0.81
2023-10-26,Thursday,25,42.6,22,22,0,4,36,1.0
2023-10-27,Friday,21,34.4,21,21,0,2,36,1.0
2023-10-28,Saturday,12,19.6,16,13,3,3,36,0.812
2023-10-29,Sunday,17,26.1,19,19,0,3,36,1.0
2023-10-30,Monday,34,54.2,26,26,0,1,36,1.0
2023-10-31,Tuesday,19,32.6,22,20,2,2,36,0.909
2023-11-01,Wednesday,34,54.1,26,26,0,3,36,1.0
2023-11-02,Thursday,30,45.9,25,25,0,4,36,1.0
2023-11-03,Friday,28,45.5,22,22,0,4,36,1.0
2023-11-04,Saturday,12,19.4,18,11,7,2,36,0.611
2023-11-05,Sunday,24,39.2,23,23,0,3,36,1.0
2023-11-06,Monday,26,40.9,22,22,0,1,36,1.0
2023-11-07,Tuesday,25,38.3,23,23,0,4,36,1.0
2023-11-08,Wednesday,15,24.0,20,17,3,4,36,0.85
2023-11-09,Thursday,29,46.9,24,24,0,4,36,1.0
2023-11-10,Friday,17,29.8,19,19,0,2,36,1.0
2023-11-11,Saturday,13,21.7,17,14,3,2,36,0.824
2023-11-12,Sunday,21,34.5,23,23,0,4,36,1.0
2023-11-13,Monday,32,51.4,25,25,0,3,36,1.0
2023-11-14,Tuesday,23,35.3,22,22,0,1,36,1.0
2023-11-15,Wednesday,25,39.5,22,22,0,3,36,1.0
2023-11-16,Thursday,25,39.8,22,22,0,3,36,1.0
2023-11-17,Friday,18,31.3,20,19,1,2,36,0.95
2023-11-18,Saturday,20,29.9,21,21,0,2,36,1.0
2023-11-19,Sunday,16,25.9,20,14,6,1,36,0.7
2023-11-20,Monday,34,52.7,24,24,0,2,36,1.0
2023-11-21,Tuesday,34,55.6,24,24,0,1,36,1.0
2023-11-22,Wednesday,17,26.1,20,19,1,2,36,0.95
2023-11-23,Thursday,19,31.9,18,18,0,1,36,1.0
2023-11-24,Friday,23,38.4,21,21,0,2,36,1.0
2023-11-25,Saturday,12,18.8,17,11,6,3,36,0.647
2023-11-26,Sunday,17,26.9,20,15,5,2,36,0.75
2023-11-27,Monday,21,33.3,23,23,0,1,36,1.0
2023-11-28,Tuesday,26,41.0,20,20,0,4,36,1.0
2023-11-29,Wednesday,23,35.4,24,24,0,2,36,1.0
2023-11-30,Thursday,32,52.3,24,24,0,3,36,1.0
2023-12-01,Friday,22,37.9,22,21,1,3,36,0.955
2023-12-02,Saturday,8,13.9,15,9,6,3,36,0.6
2023-12-03,Sunday,11,18.7,19,13,6,2,36,0.684
2023-12-04,Monday,21,33.7,21,21,0,4,36,1.0
2023-12-05,Tuesday,22,35.6,21,20,1,4,36,0.952
2023-12-06,Wednesday,17,26.5,17,17,0,4,36,1.0
2023-12-07,Thursday,19,31.9,20,18,2,2,36,0.9
2023-12-08,Friday,22,35.5,22,22,0,2,36,1.0
2023-12-09,Saturday,14,23.6,18,15,3,1,36,0.833
2023-12-10,Sunday,11,20.6,19,8,11,2,36,0.421
2023-12-11,Monday,18,29.5,21,18,3,4,36,0.857
2023-12-12,Tuesday,23,37.5,21,21,0,2,36,1.0
2023-12-13,Wednesday,25,38.8,24,24,0,4,36,1.0
2023-12-14,Thursday,18,30.0,20,19,1,4,36,0.95
2023-12-15,Friday,18,27.7,20,18,2,3,36,0.9
2023-12-16,Saturday,9,15.4,17,8,9,3,36,0.471
2023-12-17,Sunday,15,25.4,19,16,3,4,36,0.842
2023-12-18,Monday,31,51.3,21,21,0,1,36,1.0
2023-12-19,Tuesday,26,43.2,22,22,0,1,36,1.0
2023-12-20,Wednesday,24,37.8,20,20,0,1,36,1.0
2023-12-21,Thursday,13,19.0,20,14,6,5,36,0.7
2023-12-22,Friday,21,35.4,23,23,0,3,36,1.0
2023-12-23,Saturday,12,20.4,19,12,7,2,36,0.632
2023-12-24,Sunday,12,17.2,18,10,8,2,36,0.556
2023-12-25,Monday,22,38.2,20,20,0,3,36,1.0
2023-12-26,Tuesday,28,45.6,23,23,0,3,36,1.0
2023-12-27,Wednesday,21,34.3,23,23,0,2,36,1.0
2023-12-28,Thursday,20,29.7,20,19,1,2,36,0.95
2023-12-29,Friday,21,31.4,18,18,0,5,36,1.0
2023-12-30,Saturday,12,21.2,19,14,5,5,36,0.737
2023-12-31,Sunday,12,20.3,20,12,8,2,36,0.6
